{"level":"info","message":"Starting flaky test detection...","timestamp":"2025-04-29T22:29:57.678Z"}
{"level":"info","message":"Verifying report directory: /Users/pierrekhouzam/Desktop/magento-cypress-automation/cypress/reports","timestamp":"2025-04-29T22:29:57.686Z"}
{"level":"info","message":"Scanning report directory: /Users/pierrekhouzam/Desktop/magento-cypress-automation/cypress/reports","timestamp":"2025-04-29T22:29:57.688Z"}
{"level":"info","message":"Found files in directory: flaky-tests-report.html, index.html, index.json, index_001.html, index_001.json, index_002.html, index_002.json, index_003.html, index_003.json, index_004.html, index_004.json, index_005.html, index_005.json, index_006.html, index_006.json, index_007.html, index_007.json, index_008.html, index_008.json, index_009.html, index_009.json, index_010.html, index_010.json, index_011.html, index_011.json, predictions","timestamp":"2025-04-29T22:29:57.688Z"}
{"level":"info","message":"Found JSON files: index.json, index_001.json, index_002.json, index_003.json, index_004.json, index_005.json, index_006.json, index_007.json, index_008.json, index_009.json, index_010.json, index_011.json","timestamp":"2025-04-29T22:29:57.689Z"}
{"level":"info","message":"Processing report: /Users/pierrekhouzam/Desktop/magento-cypress-automation/cypress/reports/index.json","timestamp":"2025-04-29T22:29:57.690Z"}
{"level":"info","message":"Reading file: /Users/pierrekhouzam/Desktop/magento-cypress-automation/cypress/reports/index.json","timestamp":"2025-04-29T22:29:57.690Z"}
{"level":"info","message":"Attempting to parse JSON from index.json","timestamp":"2025-04-29T22:29:57.697Z"}
{"level":"info","message":"Extracting test results from index.json","timestamp":"2025-04-29T22:29:57.702Z"}
{"level":"info","message":"Processing results array in index.json","resultCount":1,"timestamp":"2025-04-29T22:29:57.702Z"}
{"level":"info","message":"No direct tests in result 0 in index.json","timestamp":"2025-04-29T22:29:57.703Z"}
{"level":"info","message":"Processing suites in result 0 in index.json","suiteCount":1,"timestamp":"2025-04-29T22:29:57.703Z"}
{"level":"info","message":"Processing tests in suite 0.0 in index.json","testCount":2,"timestamp":"2025-04-29T22:29:57.704Z"}
{"level":"info","message":"Completed extracting test results from index.json","testCount":2,"timestamp":"2025-04-29T22:29:57.706Z"}
{"level":"info","message":"Extracted 2 test results from index.json","timestamp":"2025-04-29T22:29:57.706Z"}
{"level":"info","message":"Processing report: /Users/pierrekhouzam/Desktop/magento-cypress-automation/cypress/reports/index_001.json","timestamp":"2025-04-29T22:29:57.706Z"}
{"level":"info","message":"Reading file: /Users/pierrekhouzam/Desktop/magento-cypress-automation/cypress/reports/index_001.json","timestamp":"2025-04-29T22:29:57.706Z"}
{"level":"info","message":"Attempting to parse JSON from index_001.json","timestamp":"2025-04-29T22:29:57.711Z"}
{"level":"info","message":"Extracting test results from index_001.json","timestamp":"2025-04-29T22:29:57.718Z"}
{"level":"info","message":"Processing results array in index_001.json","resultCount":1,"timestamp":"2025-04-29T22:29:57.718Z"}
{"level":"info","message":"No direct tests in result 0 in index_001.json","timestamp":"2025-04-29T22:29:57.718Z"}
{"level":"info","message":"Processing suites in result 0 in index_001.json","suiteCount":1,"timestamp":"2025-04-29T22:29:57.719Z"}
{"level":"info","message":"Processing tests in suite 0.0 in index_001.json","testCount":2,"timestamp":"2025-04-29T22:29:57.719Z"}
{"level":"info","message":"Completed extracting test results from index_001.json","testCount":2,"timestamp":"2025-04-29T22:29:57.721Z"}
{"level":"info","message":"Extracted 2 test results from index_001.json","timestamp":"2025-04-29T22:29:57.721Z"}
{"level":"info","message":"Processing report: /Users/pierrekhouzam/Desktop/magento-cypress-automation/cypress/reports/index_002.json","timestamp":"2025-04-29T22:29:57.721Z"}
{"level":"info","message":"Reading file: /Users/pierrekhouzam/Desktop/magento-cypress-automation/cypress/reports/index_002.json","timestamp":"2025-04-29T22:29:57.721Z"}
{"level":"info","message":"Attempting to parse JSON from index_002.json","timestamp":"2025-04-29T22:29:57.730Z"}
{"level":"info","message":"Extracting test results from index_002.json","timestamp":"2025-04-29T22:29:57.735Z"}
{"level":"info","message":"Processing results array in index_002.json","resultCount":1,"timestamp":"2025-04-29T22:29:57.735Z"}
{"level":"info","message":"No direct tests in result 0 in index_002.json","timestamp":"2025-04-29T22:29:57.735Z"}
{"level":"info","message":"Processing suites in result 0 in index_002.json","suiteCount":1,"timestamp":"2025-04-29T22:29:57.735Z"}
{"level":"info","message":"Processing tests in suite 0.0 in index_002.json","testCount":2,"timestamp":"2025-04-29T22:29:57.735Z"}
{"level":"info","message":"Completed extracting test results from index_002.json","testCount":2,"timestamp":"2025-04-29T22:29:57.737Z"}
{"level":"info","message":"Extracted 2 test results from index_002.json","timestamp":"2025-04-29T22:29:57.737Z"}
{"level":"info","message":"Processing report: /Users/pierrekhouzam/Desktop/magento-cypress-automation/cypress/reports/index_003.json","timestamp":"2025-04-29T22:29:57.737Z"}
{"level":"info","message":"Reading file: /Users/pierrekhouzam/Desktop/magento-cypress-automation/cypress/reports/index_003.json","timestamp":"2025-04-29T22:29:57.737Z"}
{"level":"info","message":"Attempting to parse JSON from index_003.json","timestamp":"2025-04-29T22:29:57.741Z"}
{"level":"info","message":"Extracting test results from index_003.json","timestamp":"2025-04-29T22:29:57.743Z"}
{"level":"info","message":"Processing results array in index_003.json","resultCount":1,"timestamp":"2025-04-29T22:29:57.743Z"}
{"level":"info","message":"No direct tests in result 0 in index_003.json","timestamp":"2025-04-29T22:29:57.743Z"}
{"level":"info","message":"Processing suites in result 0 in index_003.json","suiteCount":1,"timestamp":"2025-04-29T22:29:57.743Z"}
{"level":"info","message":"Processing tests in suite 0.0 in index_003.json","testCount":1,"timestamp":"2025-04-29T22:29:57.744Z"}
{"level":"info","message":"Completed extracting test results from index_003.json","testCount":1,"timestamp":"2025-04-29T22:29:57.745Z"}
{"level":"info","message":"Extracted 1 test results from index_003.json","timestamp":"2025-04-29T22:29:57.745Z"}
{"level":"info","message":"Processing report: /Users/pierrekhouzam/Desktop/magento-cypress-automation/cypress/reports/index_004.json","timestamp":"2025-04-29T22:29:57.745Z"}
{"level":"info","message":"Reading file: /Users/pierrekhouzam/Desktop/magento-cypress-automation/cypress/reports/index_004.json","timestamp":"2025-04-29T22:29:57.745Z"}
{"level":"info","message":"Attempting to parse JSON from index_004.json","timestamp":"2025-04-29T22:29:57.749Z"}
{"level":"info","message":"Extracting test results from index_004.json","timestamp":"2025-04-29T22:29:57.752Z"}
{"level":"info","message":"Processing results array in index_004.json","resultCount":1,"timestamp":"2025-04-29T22:29:57.752Z"}
{"level":"info","message":"No direct tests in result 0 in index_004.json","timestamp":"2025-04-29T22:29:57.752Z"}
{"level":"info","message":"Processing suites in result 0 in index_004.json","suiteCount":1,"timestamp":"2025-04-29T22:29:57.752Z"}
{"level":"info","message":"Processing tests in suite 0.0 in index_004.json","testCount":1,"timestamp":"2025-04-29T22:29:57.753Z"}
{"level":"info","message":"Completed extracting test results from index_004.json","testCount":1,"timestamp":"2025-04-29T22:29:57.754Z"}
{"level":"info","message":"Extracted 1 test results from index_004.json","timestamp":"2025-04-29T22:29:57.754Z"}
{"level":"info","message":"Processing report: /Users/pierrekhouzam/Desktop/magento-cypress-automation/cypress/reports/index_005.json","timestamp":"2025-04-29T22:29:57.754Z"}
{"level":"info","message":"Reading file: /Users/pierrekhouzam/Desktop/magento-cypress-automation/cypress/reports/index_005.json","timestamp":"2025-04-29T22:29:57.754Z"}
{"level":"info","message":"Attempting to parse JSON from index_005.json","timestamp":"2025-04-29T22:29:57.759Z"}
{"level":"info","message":"Extracting test results from index_005.json","timestamp":"2025-04-29T22:29:57.769Z"}
{"level":"info","message":"Processing results array in index_005.json","resultCount":4,"timestamp":"2025-04-29T22:29:57.769Z"}
{"level":"info","message":"No direct tests in result 0 in index_005.json","timestamp":"2025-04-29T22:29:57.769Z"}
{"level":"info","message":"Processing suites in result 0 in index_005.json","suiteCount":1,"timestamp":"2025-04-29T22:29:57.769Z"}
{"level":"info","message":"Processing tests in suite 0.0 in index_005.json","testCount":1,"timestamp":"2025-04-29T22:29:57.769Z"}
{"level":"info","message":"No direct tests in result 1 in index_005.json","timestamp":"2025-04-29T22:29:57.770Z"}
{"level":"info","message":"Processing suites in result 1 in index_005.json","suiteCount":1,"timestamp":"2025-04-29T22:29:57.770Z"}
{"level":"info","message":"Processing tests in suite 1.0 in index_005.json","testCount":1,"timestamp":"2025-04-29T22:29:57.770Z"}
{"level":"info","message":"No direct tests in result 2 in index_005.json","timestamp":"2025-04-29T22:29:57.771Z"}
{"level":"info","message":"Processing suites in result 2 in index_005.json","suiteCount":1,"timestamp":"2025-04-29T22:29:57.771Z"}
{"level":"info","message":"Processing tests in suite 2.0 in index_005.json","testCount":1,"timestamp":"2025-04-29T22:29:57.771Z"}
{"level":"info","message":"No direct tests in result 3 in index_005.json","timestamp":"2025-04-29T22:29:57.772Z"}
{"level":"info","message":"Processing suites in result 3 in index_005.json","suiteCount":1,"timestamp":"2025-04-29T22:29:57.772Z"}
{"level":"info","message":"Processing tests in suite 3.0 in index_005.json","testCount":1,"timestamp":"2025-04-29T22:29:57.772Z"}
{"level":"info","message":"Completed extracting test results from index_005.json","testCount":4,"timestamp":"2025-04-29T22:29:57.773Z"}
{"level":"info","message":"Extracted 4 test results from index_005.json","timestamp":"2025-04-29T22:29:57.773Z"}
{"level":"info","message":"Processing report: /Users/pierrekhouzam/Desktop/magento-cypress-automation/cypress/reports/index_006.json","timestamp":"2025-04-29T22:29:57.774Z"}
{"level":"info","message":"Reading file: /Users/pierrekhouzam/Desktop/magento-cypress-automation/cypress/reports/index_006.json","timestamp":"2025-04-29T22:29:57.774Z"}
{"level":"info","message":"Attempting to parse JSON from index_006.json","timestamp":"2025-04-29T22:29:57.779Z"}
{"level":"info","message":"Extracting test results from index_006.json","timestamp":"2025-04-29T22:29:57.790Z"}
{"level":"info","message":"Processing results array in index_006.json","resultCount":4,"timestamp":"2025-04-29T22:29:57.790Z"}
{"level":"info","message":"No direct tests in result 0 in index_006.json","timestamp":"2025-04-29T22:29:57.790Z"}
{"level":"info","message":"Processing suites in result 0 in index_006.json","suiteCount":1,"timestamp":"2025-04-29T22:29:57.790Z"}
{"level":"info","message":"Processing tests in suite 0.0 in index_006.json","testCount":1,"timestamp":"2025-04-29T22:29:57.790Z"}
{"level":"info","message":"No direct tests in result 1 in index_006.json","timestamp":"2025-04-29T22:29:57.792Z"}
{"level":"info","message":"Processing suites in result 1 in index_006.json","suiteCount":1,"timestamp":"2025-04-29T22:29:57.792Z"}
{"level":"info","message":"Processing tests in suite 1.0 in index_006.json","testCount":1,"timestamp":"2025-04-29T22:29:57.792Z"}
{"level":"info","message":"No direct tests in result 2 in index_006.json","timestamp":"2025-04-29T22:29:57.793Z"}
{"level":"info","message":"Processing suites in result 2 in index_006.json","suiteCount":1,"timestamp":"2025-04-29T22:29:57.793Z"}
{"level":"info","message":"Processing tests in suite 2.0 in index_006.json","testCount":1,"timestamp":"2025-04-29T22:29:57.793Z"}
{"level":"info","message":"No direct tests in result 3 in index_006.json","timestamp":"2025-04-29T22:29:57.794Z"}
{"level":"info","message":"Processing suites in result 3 in index_006.json","suiteCount":1,"timestamp":"2025-04-29T22:29:57.794Z"}
{"level":"info","message":"Processing tests in suite 3.0 in index_006.json","testCount":1,"timestamp":"2025-04-29T22:29:57.794Z"}
{"level":"info","message":"Completed extracting test results from index_006.json","testCount":4,"timestamp":"2025-04-29T22:29:57.795Z"}
{"level":"info","message":"Extracted 4 test results from index_006.json","timestamp":"2025-04-29T22:29:57.795Z"}
{"level":"info","message":"Processing report: /Users/pierrekhouzam/Desktop/magento-cypress-automation/cypress/reports/index_007.json","timestamp":"2025-04-29T22:29:57.795Z"}
{"level":"info","message":"Reading file: /Users/pierrekhouzam/Desktop/magento-cypress-automation/cypress/reports/index_007.json","timestamp":"2025-04-29T22:29:57.795Z"}
{"level":"info","message":"Attempting to parse JSON from index_007.json","timestamp":"2025-04-29T22:29:57.803Z"}
{"level":"info","message":"Extracting test results from index_007.json","timestamp":"2025-04-29T22:29:57.805Z"}
{"level":"info","message":"Processing results array in index_007.json","resultCount":1,"timestamp":"2025-04-29T22:29:57.805Z"}
{"level":"info","message":"No direct tests in result 0 in index_007.json","timestamp":"2025-04-29T22:29:57.806Z"}
{"level":"info","message":"Processing suites in result 0 in index_007.json","suiteCount":1,"timestamp":"2025-04-29T22:29:57.806Z"}
{"level":"info","message":"Processing tests in suite 0.0 in index_007.json","testCount":1,"timestamp":"2025-04-29T22:29:57.806Z"}
{"level":"info","message":"Completed extracting test results from index_007.json","testCount":1,"timestamp":"2025-04-29T22:29:57.807Z"}
{"level":"info","message":"Extracted 1 test results from index_007.json","timestamp":"2025-04-29T22:29:57.807Z"}
{"level":"info","message":"Processing report: /Users/pierrekhouzam/Desktop/magento-cypress-automation/cypress/reports/index_008.json","timestamp":"2025-04-29T22:29:57.807Z"}
{"level":"info","message":"Reading file: /Users/pierrekhouzam/Desktop/magento-cypress-automation/cypress/reports/index_008.json","timestamp":"2025-04-29T22:29:57.807Z"}
{"level":"info","message":"Attempting to parse JSON from index_008.json","timestamp":"2025-04-29T22:29:57.810Z"}
{"level":"info","message":"Extracting test results from index_008.json","timestamp":"2025-04-29T22:29:57.812Z"}
{"level":"info","message":"Processing results array in index_008.json","resultCount":1,"timestamp":"2025-04-29T22:29:57.812Z"}
{"level":"info","message":"No direct tests in result 0 in index_008.json","timestamp":"2025-04-29T22:29:57.812Z"}
{"level":"info","message":"Processing suites in result 0 in index_008.json","suiteCount":1,"timestamp":"2025-04-29T22:29:57.812Z"}
{"level":"info","message":"Processing tests in suite 0.0 in index_008.json","testCount":1,"timestamp":"2025-04-29T22:29:57.812Z"}
{"level":"info","message":"Completed extracting test results from index_008.json","testCount":1,"timestamp":"2025-04-29T22:29:57.813Z"}
{"level":"info","message":"Extracted 1 test results from index_008.json","timestamp":"2025-04-29T22:29:57.814Z"}
{"level":"info","message":"Processing report: /Users/pierrekhouzam/Desktop/magento-cypress-automation/cypress/reports/index_009.json","timestamp":"2025-04-29T22:29:57.814Z"}
{"level":"info","message":"Reading file: /Users/pierrekhouzam/Desktop/magento-cypress-automation/cypress/reports/index_009.json","timestamp":"2025-04-29T22:29:57.814Z"}
{"level":"info","message":"Attempting to parse JSON from index_009.json","timestamp":"2025-04-29T22:29:57.821Z"}
{"level":"info","message":"Extracting test results from index_009.json","timestamp":"2025-04-29T22:29:57.828Z"}
{"level":"info","message":"Processing results array in index_009.json","resultCount":4,"timestamp":"2025-04-29T22:29:57.829Z"}
{"level":"info","message":"No direct tests in result 0 in index_009.json","timestamp":"2025-04-29T22:29:57.829Z"}
{"level":"info","message":"Processing suites in result 0 in index_009.json","suiteCount":1,"timestamp":"2025-04-29T22:29:57.829Z"}
{"level":"info","message":"Processing tests in suite 0.0 in index_009.json","testCount":1,"timestamp":"2025-04-29T22:29:57.829Z"}
{"level":"info","message":"No direct tests in result 1 in index_009.json","timestamp":"2025-04-29T22:29:57.830Z"}
{"level":"info","message":"Processing suites in result 1 in index_009.json","suiteCount":1,"timestamp":"2025-04-29T22:29:57.830Z"}
{"level":"info","message":"Processing tests in suite 1.0 in index_009.json","testCount":1,"timestamp":"2025-04-29T22:29:57.830Z"}
{"level":"info","message":"No direct tests in result 2 in index_009.json","timestamp":"2025-04-29T22:29:57.831Z"}
{"level":"info","message":"Processing suites in result 2 in index_009.json","suiteCount":1,"timestamp":"2025-04-29T22:29:57.831Z"}
{"level":"info","message":"Processing tests in suite 2.0 in index_009.json","testCount":1,"timestamp":"2025-04-29T22:29:57.831Z"}
{"level":"info","message":"No direct tests in result 3 in index_009.json","timestamp":"2025-04-29T22:29:57.832Z"}
{"level":"info","message":"Processing suites in result 3 in index_009.json","suiteCount":1,"timestamp":"2025-04-29T22:29:57.832Z"}
{"level":"info","message":"Processing tests in suite 3.0 in index_009.json","testCount":1,"timestamp":"2025-04-29T22:29:57.832Z"}
{"level":"info","message":"Completed extracting test results from index_009.json","testCount":4,"timestamp":"2025-04-29T22:29:57.833Z"}
{"level":"info","message":"Extracted 4 test results from index_009.json","timestamp":"2025-04-29T22:29:57.834Z"}
{"level":"info","message":"Processing report: /Users/pierrekhouzam/Desktop/magento-cypress-automation/cypress/reports/index_010.json","timestamp":"2025-04-29T22:29:57.834Z"}
{"level":"info","message":"Reading file: /Users/pierrekhouzam/Desktop/magento-cypress-automation/cypress/reports/index_010.json","timestamp":"2025-04-29T22:29:57.834Z"}
{"level":"info","message":"Attempting to parse JSON from index_010.json","timestamp":"2025-04-29T22:29:57.841Z"}
{"level":"info","message":"Extracting test results from index_010.json","timestamp":"2025-04-29T22:29:57.850Z"}
{"level":"info","message":"Processing results array in index_010.json","resultCount":4,"timestamp":"2025-04-29T22:29:57.850Z"}
{"level":"info","message":"No direct tests in result 0 in index_010.json","timestamp":"2025-04-29T22:29:57.850Z"}
{"level":"info","message":"Processing suites in result 0 in index_010.json","suiteCount":1,"timestamp":"2025-04-29T22:29:57.850Z"}
{"level":"info","message":"Processing tests in suite 0.0 in index_010.json","testCount":1,"timestamp":"2025-04-29T22:29:57.850Z"}
{"level":"info","message":"No direct tests in result 1 in index_010.json","timestamp":"2025-04-29T22:29:57.851Z"}
{"level":"info","message":"Processing suites in result 1 in index_010.json","suiteCount":1,"timestamp":"2025-04-29T22:29:57.851Z"}
{"level":"info","message":"Processing tests in suite 1.0 in index_010.json","testCount":1,"timestamp":"2025-04-29T22:29:57.851Z"}
{"level":"info","message":"No direct tests in result 2 in index_010.json","timestamp":"2025-04-29T22:29:57.852Z"}
{"level":"info","message":"Processing suites in result 2 in index_010.json","suiteCount":1,"timestamp":"2025-04-29T22:29:57.852Z"}
{"level":"info","message":"Processing tests in suite 2.0 in index_010.json","testCount":1,"timestamp":"2025-04-29T22:29:57.852Z"}
{"level":"info","message":"No direct tests in result 3 in index_010.json","timestamp":"2025-04-29T22:29:57.853Z"}
{"level":"info","message":"Processing suites in result 3 in index_010.json","suiteCount":1,"timestamp":"2025-04-29T22:29:57.853Z"}
{"level":"info","message":"Processing tests in suite 3.0 in index_010.json","testCount":1,"timestamp":"2025-04-29T22:29:57.853Z"}
{"level":"info","message":"Completed extracting test results from index_010.json","testCount":4,"timestamp":"2025-04-29T22:29:57.854Z"}
{"level":"info","message":"Extracted 4 test results from index_010.json","timestamp":"2025-04-29T22:29:57.855Z"}
{"level":"info","message":"Processing report: /Users/pierrekhouzam/Desktop/magento-cypress-automation/cypress/reports/index_011.json","timestamp":"2025-04-29T22:29:57.855Z"}
{"level":"info","message":"Reading file: /Users/pierrekhouzam/Desktop/magento-cypress-automation/cypress/reports/index_011.json","timestamp":"2025-04-29T22:29:57.855Z"}
{"level":"info","message":"Attempting to parse JSON from index_011.json","timestamp":"2025-04-29T22:29:57.864Z"}
{"level":"info","message":"Extracting test results from index_011.json","timestamp":"2025-04-29T22:29:57.871Z"}
{"level":"info","message":"Processing results array in index_011.json","resultCount":4,"timestamp":"2025-04-29T22:29:57.871Z"}
{"level":"info","message":"No direct tests in result 0 in index_011.json","timestamp":"2025-04-29T22:29:57.871Z"}
{"level":"info","message":"Processing suites in result 0 in index_011.json","suiteCount":1,"timestamp":"2025-04-29T22:29:57.871Z"}
{"level":"info","message":"Processing tests in suite 0.0 in index_011.json","testCount":1,"timestamp":"2025-04-29T22:29:57.871Z"}
{"level":"info","message":"No direct tests in result 1 in index_011.json","timestamp":"2025-04-29T22:29:57.872Z"}
{"level":"info","message":"Processing suites in result 1 in index_011.json","suiteCount":1,"timestamp":"2025-04-29T22:29:57.873Z"}
{"level":"info","message":"Processing tests in suite 1.0 in index_011.json","testCount":1,"timestamp":"2025-04-29T22:29:57.873Z"}
{"level":"info","message":"No direct tests in result 2 in index_011.json","timestamp":"2025-04-29T22:29:57.874Z"}
{"level":"info","message":"Processing suites in result 2 in index_011.json","suiteCount":1,"timestamp":"2025-04-29T22:29:57.874Z"}
{"level":"info","message":"Processing tests in suite 2.0 in index_011.json","testCount":1,"timestamp":"2025-04-29T22:29:57.874Z"}
{"level":"info","message":"No direct tests in result 3 in index_011.json","timestamp":"2025-04-29T22:29:57.875Z"}
{"level":"info","message":"Processing suites in result 3 in index_011.json","suiteCount":1,"timestamp":"2025-04-29T22:29:57.875Z"}
{"level":"info","message":"Processing tests in suite 3.0 in index_011.json","testCount":1,"timestamp":"2025-04-29T22:29:57.875Z"}
{"level":"info","message":"Completed extracting test results from index_011.json","testCount":4,"timestamp":"2025-04-29T22:29:57.876Z"}
{"level":"info","message":"Extracted 4 test results from index_011.json","timestamp":"2025-04-29T22:29:57.876Z"}
{"level":"info","message":"Test title \"Test Case A: Registration flow with login validation Should register a new user and validate login\" appears 12 times across JSON files","timestamp":"2025-04-29T22:29:57.876Z"}
{"level":"info","message":"Test title \"Test Case A: Registration flow with login validation Should allow user to log in with registered credentials\" appears 3 times across JSON files","timestamp":"2025-04-29T22:29:57.877Z"}
{"level":"info","message":"Test title \"Test Case B: Place order with multiple products and validate price Should register and add multiple products to cart then verify total price\" appears 5 times across JSON files","timestamp":"2025-04-29T22:29:57.877Z"}
{"level":"info","message":"Test title \"Test Case C: Wishlist and Checkout Should add products to wishlist and checkout from wishlist\" appears 5 times across JSON files","timestamp":"2025-04-29T22:29:57.877Z"}
{"level":"info","message":"Test title \"Test Case D: Search and Validate Results Should search for a valid product and validate results, then search invalid and validate empty results\" appears 5 times across JSON files","timestamp":"2025-04-29T22:29:57.877Z"}
{"level":"info","message":"Ensured DB directory exists: /Users/pierrekhouzam/Desktop/magento-cypress-automation/cypress/db","timestamp":"2025-04-29T22:29:57.880Z"}
{"level":"info","message":"Test history saved to /Users/pierrekhouzam/Desktop/magento-cypress-automation/cypress/db/test-history.json","testCount":5,"timestamp":"2025-04-29T22:29:57.882Z"}
{"level":"info","message":"Flaky test detection completed.","testsProcessed":30,"timestamp":"2025-04-29T22:29:57.884Z","uniqueTests":5}
{"level":"info","message":"Starting AI-powered flakiness analysis...","timestamp":"2025-04-29T22:29:57.885Z"}
{"level":"info","message":"Ensured DB directory exists: /Users/pierrekhouzam/Desktop/magento-cypress-automation/cypress/db","timestamp":"2025-04-29T22:29:57.885Z"}
{"level":"info","message":"Test history loaded from /Users/pierrekhouzam/Desktop/magento-cypress-automation/cypress/db/test-history.json","testCount":5,"timestamp":"2025-04-29T22:29:57.886Z"}
{"level":"info","message":"Training AI model with historical test data...","timestamp":"2025-04-29T22:29:57.886Z"}
{"file":"cypress/db/flaky-model.json","level":"info","message":"ML model loaded from","timestamp":"2025-04-29T22:29:57.889Z"}
{"level":"info","message":"Using cached ML model","timestamp":"2025-04-29T22:29:57.889Z"}
{"0":{"feature":"passRate","score":"0.00%"},"1":{"feature":"avgDuration","score":"0.00%"},"2":{"feature":"transitionRate","score":"0.00%"},"3":{"feature":"timingIssues","score":"0.00%"},"4":{"feature":"selectorIssues","score":"0.00%"},"5":{"feature":"networkIssues","score":"0.00%"},"6":{"feature":"dataIssues","score":"0.00%"},"7":{"feature":"durationVariability","score":"0.00%"},"8":{"feature":"recentFailRate","score":"0.00%"},"level":"info","message":"Feature Importance:","timestamp":"2025-04-29T22:29:57.889Z"}
{"level":"info","message":"Analyzing tests for flakiness","testCount":5,"timestamp":"2025-04-29T22:29:57.889Z"}
{"filePath":"cypress/reports/predictions/predictions-2025-04-29T22-29-57-892Z.json","level":"info","message":"Predictions saved","timestamp":"2025-04-29T22:29:57.893Z"}
{"level":"info","message":"Starting flaky test detection...","timestamp":"2025-04-29T22:37:20.103Z"}
{"level":"info","message":"Verifying report directory: /Users/pierrekhouzam/Desktop/magento-cypress-automation/cypress/reports","timestamp":"2025-04-29T22:37:20.109Z"}
{"level":"info","message":"Scanning report directory: /Users/pierrekhouzam/Desktop/magento-cypress-automation/cypress/reports","timestamp":"2025-04-29T22:37:20.111Z"}
{"level":"info","message":"Found files in directory: flaky-tests-report.html, index.html, index.json, index_001.html, index_001.json, index_002.html, index_002.json, index_003.html, index_003.json, index_004.html, index_004.json, index_005.html, index_005.json, index_006.html, index_006.json, index_007.html, index_007.json, index_008.html, index_008.json, index_009.html, index_009.json, index_010.html, index_010.json, index_011.html, index_011.json, predictions","timestamp":"2025-04-29T22:37:20.111Z"}
{"level":"info","message":"Found JSON files: index.json, index_001.json, index_002.json, index_003.json, index_004.json, index_005.json, index_006.json, index_007.json, index_008.json, index_009.json, index_010.json, index_011.json","timestamp":"2025-04-29T22:37:20.112Z"}
{"level":"info","message":"Processing report: /Users/pierrekhouzam/Desktop/magento-cypress-automation/cypress/reports/index.json","timestamp":"2025-04-29T22:37:20.112Z"}
{"level":"info","message":"Reading file: /Users/pierrekhouzam/Desktop/magento-cypress-automation/cypress/reports/index.json","timestamp":"2025-04-29T22:37:20.113Z"}
{"level":"info","message":"Attempting to parse JSON from index.json","timestamp":"2025-04-29T22:37:20.118Z"}
{"level":"info","message":"Extracting test results from index.json","timestamp":"2025-04-29T22:37:20.124Z"}
{"level":"info","message":"Processing results array in index.json","resultCount":1,"timestamp":"2025-04-29T22:37:20.125Z"}
{"level":"info","message":"No direct tests in result 0 in index.json","timestamp":"2025-04-29T22:37:20.126Z"}
{"level":"info","message":"Processing suites in result 0 in index.json","suiteCount":1,"timestamp":"2025-04-29T22:37:20.126Z"}
{"level":"info","message":"Processing tests in suite 0.0 in index.json","testCount":2,"timestamp":"2025-04-29T22:37:20.127Z"}
{"level":"info","message":"Completed extracting test results from index.json","testCount":2,"timestamp":"2025-04-29T22:37:20.129Z"}
{"level":"info","message":"Extracted 2 test results from index.json","timestamp":"2025-04-29T22:37:20.129Z"}
{"level":"info","message":"Processing report: /Users/pierrekhouzam/Desktop/magento-cypress-automation/cypress/reports/index_001.json","timestamp":"2025-04-29T22:37:20.129Z"}
{"level":"info","message":"Reading file: /Users/pierrekhouzam/Desktop/magento-cypress-automation/cypress/reports/index_001.json","timestamp":"2025-04-29T22:37:20.129Z"}
{"level":"info","message":"Attempting to parse JSON from index_001.json","timestamp":"2025-04-29T22:37:20.132Z"}
{"level":"info","message":"Extracting test results from index_001.json","timestamp":"2025-04-29T22:37:20.136Z"}
{"level":"info","message":"Processing results array in index_001.json","resultCount":1,"timestamp":"2025-04-29T22:37:20.136Z"}
{"level":"info","message":"No direct tests in result 0 in index_001.json","timestamp":"2025-04-29T22:37:20.136Z"}
{"level":"info","message":"Processing suites in result 0 in index_001.json","suiteCount":1,"timestamp":"2025-04-29T22:37:20.136Z"}
{"level":"info","message":"Processing tests in suite 0.0 in index_001.json","testCount":2,"timestamp":"2025-04-29T22:37:20.136Z"}
{"level":"info","message":"Completed extracting test results from index_001.json","testCount":2,"timestamp":"2025-04-29T22:37:20.138Z"}
{"level":"info","message":"Extracted 2 test results from index_001.json","timestamp":"2025-04-29T22:37:20.138Z"}
{"level":"info","message":"Processing report: /Users/pierrekhouzam/Desktop/magento-cypress-automation/cypress/reports/index_002.json","timestamp":"2025-04-29T22:37:20.138Z"}
{"level":"info","message":"Reading file: /Users/pierrekhouzam/Desktop/magento-cypress-automation/cypress/reports/index_002.json","timestamp":"2025-04-29T22:37:20.138Z"}
{"level":"info","message":"Attempting to parse JSON from index_002.json","timestamp":"2025-04-29T22:37:20.148Z"}
{"level":"info","message":"Extracting test results from index_002.json","timestamp":"2025-04-29T22:37:20.152Z"}
{"level":"info","message":"Processing results array in index_002.json","resultCount":1,"timestamp":"2025-04-29T22:37:20.152Z"}
{"level":"info","message":"No direct tests in result 0 in index_002.json","timestamp":"2025-04-29T22:37:20.152Z"}
{"level":"info","message":"Processing suites in result 0 in index_002.json","suiteCount":1,"timestamp":"2025-04-29T22:37:20.152Z"}
{"level":"info","message":"Processing tests in suite 0.0 in index_002.json","testCount":2,"timestamp":"2025-04-29T22:37:20.152Z"}
{"level":"info","message":"Completed extracting test results from index_002.json","testCount":2,"timestamp":"2025-04-29T22:37:20.154Z"}
{"level":"info","message":"Extracted 2 test results from index_002.json","timestamp":"2025-04-29T22:37:20.154Z"}
{"level":"info","message":"Processing report: /Users/pierrekhouzam/Desktop/magento-cypress-automation/cypress/reports/index_003.json","timestamp":"2025-04-29T22:37:20.154Z"}
{"level":"info","message":"Reading file: /Users/pierrekhouzam/Desktop/magento-cypress-automation/cypress/reports/index_003.json","timestamp":"2025-04-29T22:37:20.154Z"}
{"level":"info","message":"Attempting to parse JSON from index_003.json","timestamp":"2025-04-29T22:37:20.156Z"}
{"level":"info","message":"Extracting test results from index_003.json","timestamp":"2025-04-29T22:37:20.158Z"}
{"level":"info","message":"Processing results array in index_003.json","resultCount":1,"timestamp":"2025-04-29T22:37:20.158Z"}
{"level":"info","message":"No direct tests in result 0 in index_003.json","timestamp":"2025-04-29T22:37:20.159Z"}
{"level":"info","message":"Processing suites in result 0 in index_003.json","suiteCount":1,"timestamp":"2025-04-29T22:37:20.159Z"}
{"level":"info","message":"Processing tests in suite 0.0 in index_003.json","testCount":1,"timestamp":"2025-04-29T22:37:20.160Z"}
{"level":"info","message":"Completed extracting test results from index_003.json","testCount":1,"timestamp":"2025-04-29T22:37:20.161Z"}
{"level":"info","message":"Extracted 1 test results from index_003.json","timestamp":"2025-04-29T22:37:20.161Z"}
{"level":"info","message":"Processing report: /Users/pierrekhouzam/Desktop/magento-cypress-automation/cypress/reports/index_004.json","timestamp":"2025-04-29T22:37:20.161Z"}
{"level":"info","message":"Reading file: /Users/pierrekhouzam/Desktop/magento-cypress-automation/cypress/reports/index_004.json","timestamp":"2025-04-29T22:37:20.161Z"}
{"level":"info","message":"Attempting to parse JSON from index_004.json","timestamp":"2025-04-29T22:37:20.163Z"}
{"level":"info","message":"Extracting test results from index_004.json","timestamp":"2025-04-29T22:37:20.165Z"}
{"level":"info","message":"Processing results array in index_004.json","resultCount":1,"timestamp":"2025-04-29T22:37:20.166Z"}
{"level":"info","message":"No direct tests in result 0 in index_004.json","timestamp":"2025-04-29T22:37:20.166Z"}
{"level":"info","message":"Processing suites in result 0 in index_004.json","suiteCount":1,"timestamp":"2025-04-29T22:37:20.166Z"}
{"level":"info","message":"Processing tests in suite 0.0 in index_004.json","testCount":1,"timestamp":"2025-04-29T22:37:20.167Z"}
{"level":"info","message":"Completed extracting test results from index_004.json","testCount":1,"timestamp":"2025-04-29T22:37:20.168Z"}
{"level":"info","message":"Extracted 1 test results from index_004.json","timestamp":"2025-04-29T22:37:20.168Z"}
{"level":"info","message":"Processing report: /Users/pierrekhouzam/Desktop/magento-cypress-automation/cypress/reports/index_005.json","timestamp":"2025-04-29T22:37:20.168Z"}
{"level":"info","message":"Reading file: /Users/pierrekhouzam/Desktop/magento-cypress-automation/cypress/reports/index_005.json","timestamp":"2025-04-29T22:37:20.168Z"}
{"level":"info","message":"Attempting to parse JSON from index_005.json","timestamp":"2025-04-29T22:37:20.171Z"}
{"level":"info","message":"Extracting test results from index_005.json","timestamp":"2025-04-29T22:37:20.179Z"}
{"level":"info","message":"Processing results array in index_005.json","resultCount":4,"timestamp":"2025-04-29T22:37:20.179Z"}
{"level":"info","message":"No direct tests in result 0 in index_005.json","timestamp":"2025-04-29T22:37:20.180Z"}
{"level":"info","message":"Processing suites in result 0 in index_005.json","suiteCount":1,"timestamp":"2025-04-29T22:37:20.180Z"}
{"level":"info","message":"Processing tests in suite 0.0 in index_005.json","testCount":1,"timestamp":"2025-04-29T22:37:20.180Z"}
{"level":"info","message":"No direct tests in result 1 in index_005.json","timestamp":"2025-04-29T22:37:20.181Z"}
{"level":"info","message":"Processing suites in result 1 in index_005.json","suiteCount":1,"timestamp":"2025-04-29T22:37:20.181Z"}
{"level":"info","message":"Processing tests in suite 1.0 in index_005.json","testCount":1,"timestamp":"2025-04-29T22:37:20.181Z"}
{"level":"info","message":"No direct tests in result 2 in index_005.json","timestamp":"2025-04-29T22:37:20.182Z"}
{"level":"info","message":"Processing suites in result 2 in index_005.json","suiteCount":1,"timestamp":"2025-04-29T22:37:20.182Z"}
{"level":"info","message":"Processing tests in suite 2.0 in index_005.json","testCount":1,"timestamp":"2025-04-29T22:37:20.182Z"}
{"level":"info","message":"No direct tests in result 3 in index_005.json","timestamp":"2025-04-29T22:37:20.183Z"}
{"level":"info","message":"Processing suites in result 3 in index_005.json","suiteCount":1,"timestamp":"2025-04-29T22:37:20.183Z"}
{"level":"info","message":"Processing tests in suite 3.0 in index_005.json","testCount":1,"timestamp":"2025-04-29T22:37:20.183Z"}
{"level":"info","message":"Completed extracting test results from index_005.json","testCount":4,"timestamp":"2025-04-29T22:37:20.184Z"}
{"level":"info","message":"Extracted 4 test results from index_005.json","timestamp":"2025-04-29T22:37:20.184Z"}
{"level":"info","message":"Processing report: /Users/pierrekhouzam/Desktop/magento-cypress-automation/cypress/reports/index_006.json","timestamp":"2025-04-29T22:37:20.184Z"}
{"level":"info","message":"Reading file: /Users/pierrekhouzam/Desktop/magento-cypress-automation/cypress/reports/index_006.json","timestamp":"2025-04-29T22:37:20.184Z"}
{"level":"info","message":"Attempting to parse JSON from index_006.json","timestamp":"2025-04-29T22:37:20.188Z"}
{"level":"info","message":"Extracting test results from index_006.json","timestamp":"2025-04-29T22:37:20.198Z"}
{"level":"info","message":"Processing results array in index_006.json","resultCount":4,"timestamp":"2025-04-29T22:37:20.198Z"}
{"level":"info","message":"No direct tests in result 0 in index_006.json","timestamp":"2025-04-29T22:37:20.198Z"}
{"level":"info","message":"Processing suites in result 0 in index_006.json","suiteCount":1,"timestamp":"2025-04-29T22:37:20.198Z"}
{"level":"info","message":"Processing tests in suite 0.0 in index_006.json","testCount":1,"timestamp":"2025-04-29T22:37:20.198Z"}
{"level":"info","message":"No direct tests in result 1 in index_006.json","timestamp":"2025-04-29T22:37:20.199Z"}
{"level":"info","message":"Processing suites in result 1 in index_006.json","suiteCount":1,"timestamp":"2025-04-29T22:37:20.199Z"}
{"level":"info","message":"Processing tests in suite 1.0 in index_006.json","testCount":1,"timestamp":"2025-04-29T22:37:20.199Z"}
{"level":"info","message":"No direct tests in result 2 in index_006.json","timestamp":"2025-04-29T22:37:20.200Z"}
{"level":"info","message":"Processing suites in result 2 in index_006.json","suiteCount":1,"timestamp":"2025-04-29T22:37:20.200Z"}
{"level":"info","message":"Processing tests in suite 2.0 in index_006.json","testCount":1,"timestamp":"2025-04-29T22:37:20.200Z"}
{"level":"info","message":"No direct tests in result 3 in index_006.json","timestamp":"2025-04-29T22:37:20.201Z"}
{"level":"info","message":"Processing suites in result 3 in index_006.json","suiteCount":1,"timestamp":"2025-04-29T22:37:20.202Z"}
{"level":"info","message":"Processing tests in suite 3.0 in index_006.json","testCount":1,"timestamp":"2025-04-29T22:37:20.202Z"}
{"level":"info","message":"Completed extracting test results from index_006.json","testCount":4,"timestamp":"2025-04-29T22:37:20.203Z"}
{"level":"info","message":"Extracted 4 test results from index_006.json","timestamp":"2025-04-29T22:37:20.203Z"}
{"level":"info","message":"Processing report: /Users/pierrekhouzam/Desktop/magento-cypress-automation/cypress/reports/index_007.json","timestamp":"2025-04-29T22:37:20.203Z"}
{"level":"info","message":"Reading file: /Users/pierrekhouzam/Desktop/magento-cypress-automation/cypress/reports/index_007.json","timestamp":"2025-04-29T22:37:20.203Z"}
{"level":"info","message":"Attempting to parse JSON from index_007.json","timestamp":"2025-04-29T22:37:20.204Z"}
{"level":"info","message":"Extracting test results from index_007.json","timestamp":"2025-04-29T22:37:20.206Z"}
{"level":"info","message":"Processing results array in index_007.json","resultCount":1,"timestamp":"2025-04-29T22:37:20.206Z"}
{"level":"info","message":"No direct tests in result 0 in index_007.json","timestamp":"2025-04-29T22:37:20.206Z"}
{"level":"info","message":"Processing suites in result 0 in index_007.json","suiteCount":1,"timestamp":"2025-04-29T22:37:20.206Z"}
{"level":"info","message":"Processing tests in suite 0.0 in index_007.json","testCount":1,"timestamp":"2025-04-29T22:37:20.206Z"}
{"level":"info","message":"Completed extracting test results from index_007.json","testCount":1,"timestamp":"2025-04-29T22:37:20.207Z"}
{"level":"info","message":"Extracted 1 test results from index_007.json","timestamp":"2025-04-29T22:37:20.208Z"}
{"level":"info","message":"Processing report: /Users/pierrekhouzam/Desktop/magento-cypress-automation/cypress/reports/index_008.json","timestamp":"2025-04-29T22:37:20.208Z"}
{"level":"info","message":"Reading file: /Users/pierrekhouzam/Desktop/magento-cypress-automation/cypress/reports/index_008.json","timestamp":"2025-04-29T22:37:20.208Z"}
{"level":"info","message":"Attempting to parse JSON from index_008.json","timestamp":"2025-04-29T22:37:20.210Z"}
{"level":"info","message":"Extracting test results from index_008.json","timestamp":"2025-04-29T22:37:20.212Z"}
{"level":"info","message":"Processing results array in index_008.json","resultCount":1,"timestamp":"2025-04-29T22:37:20.212Z"}
{"level":"info","message":"No direct tests in result 0 in index_008.json","timestamp":"2025-04-29T22:37:20.212Z"}
{"level":"info","message":"Processing suites in result 0 in index_008.json","suiteCount":1,"timestamp":"2025-04-29T22:37:20.213Z"}
{"level":"info","message":"Processing tests in suite 0.0 in index_008.json","testCount":1,"timestamp":"2025-04-29T22:37:20.213Z"}
{"level":"info","message":"Completed extracting test results from index_008.json","testCount":1,"timestamp":"2025-04-29T22:37:20.214Z"}
{"level":"info","message":"Extracted 1 test results from index_008.json","timestamp":"2025-04-29T22:37:20.214Z"}
{"level":"info","message":"Processing report: /Users/pierrekhouzam/Desktop/magento-cypress-automation/cypress/reports/index_009.json","timestamp":"2025-04-29T22:37:20.214Z"}
{"level":"info","message":"Reading file: /Users/pierrekhouzam/Desktop/magento-cypress-automation/cypress/reports/index_009.json","timestamp":"2025-04-29T22:37:20.214Z"}
{"level":"info","message":"Attempting to parse JSON from index_009.json","timestamp":"2025-04-29T22:37:20.218Z"}
{"level":"info","message":"Extracting test results from index_009.json","timestamp":"2025-04-29T22:37:20.226Z"}
{"level":"info","message":"Processing results array in index_009.json","resultCount":4,"timestamp":"2025-04-29T22:37:20.226Z"}
{"level":"info","message":"No direct tests in result 0 in index_009.json","timestamp":"2025-04-29T22:37:20.226Z"}
{"level":"info","message":"Processing suites in result 0 in index_009.json","suiteCount":1,"timestamp":"2025-04-29T22:37:20.226Z"}
{"level":"info","message":"Processing tests in suite 0.0 in index_009.json","testCount":1,"timestamp":"2025-04-29T22:37:20.226Z"}
{"level":"info","message":"No direct tests in result 1 in index_009.json","timestamp":"2025-04-29T22:37:20.227Z"}
{"level":"info","message":"Processing suites in result 1 in index_009.json","suiteCount":1,"timestamp":"2025-04-29T22:37:20.227Z"}
{"level":"info","message":"Processing tests in suite 1.0 in index_009.json","testCount":1,"timestamp":"2025-04-29T22:37:20.227Z"}
{"level":"info","message":"No direct tests in result 2 in index_009.json","timestamp":"2025-04-29T22:37:20.228Z"}
{"level":"info","message":"Processing suites in result 2 in index_009.json","suiteCount":1,"timestamp":"2025-04-29T22:37:20.228Z"}
{"level":"info","message":"Processing tests in suite 2.0 in index_009.json","testCount":1,"timestamp":"2025-04-29T22:37:20.228Z"}
{"level":"info","message":"No direct tests in result 3 in index_009.json","timestamp":"2025-04-29T22:37:20.229Z"}
{"level":"info","message":"Processing suites in result 3 in index_009.json","suiteCount":1,"timestamp":"2025-04-29T22:37:20.229Z"}
{"level":"info","message":"Processing tests in suite 3.0 in index_009.json","testCount":1,"timestamp":"2025-04-29T22:37:20.230Z"}
{"level":"info","message":"Completed extracting test results from index_009.json","testCount":4,"timestamp":"2025-04-29T22:37:20.230Z"}
{"level":"info","message":"Extracted 4 test results from index_009.json","timestamp":"2025-04-29T22:37:20.231Z"}
{"level":"info","message":"Processing report: /Users/pierrekhouzam/Desktop/magento-cypress-automation/cypress/reports/index_010.json","timestamp":"2025-04-29T22:37:20.231Z"}
{"level":"info","message":"Reading file: /Users/pierrekhouzam/Desktop/magento-cypress-automation/cypress/reports/index_010.json","timestamp":"2025-04-29T22:37:20.231Z"}
{"level":"info","message":"Attempting to parse JSON from index_010.json","timestamp":"2025-04-29T22:37:20.234Z"}
{"level":"info","message":"Extracting test results from index_010.json","timestamp":"2025-04-29T22:37:20.241Z"}
{"level":"info","message":"Processing results array in index_010.json","resultCount":4,"timestamp":"2025-04-29T22:37:20.242Z"}
{"level":"info","message":"No direct tests in result 0 in index_010.json","timestamp":"2025-04-29T22:37:20.242Z"}
{"level":"info","message":"Processing suites in result 0 in index_010.json","suiteCount":1,"timestamp":"2025-04-29T22:37:20.242Z"}
{"level":"info","message":"Processing tests in suite 0.0 in index_010.json","testCount":1,"timestamp":"2025-04-29T22:37:20.242Z"}
{"level":"info","message":"No direct tests in result 1 in index_010.json","timestamp":"2025-04-29T22:37:20.243Z"}
{"level":"info","message":"Processing suites in result 1 in index_010.json","suiteCount":1,"timestamp":"2025-04-29T22:37:20.243Z"}
{"level":"info","message":"Processing tests in suite 1.0 in index_010.json","testCount":1,"timestamp":"2025-04-29T22:37:20.243Z"}
{"level":"info","message":"No direct tests in result 2 in index_010.json","timestamp":"2025-04-29T22:37:20.244Z"}
{"level":"info","message":"Processing suites in result 2 in index_010.json","suiteCount":1,"timestamp":"2025-04-29T22:37:20.244Z"}
{"level":"info","message":"Processing tests in suite 2.0 in index_010.json","testCount":1,"timestamp":"2025-04-29T22:37:20.245Z"}
{"level":"info","message":"No direct tests in result 3 in index_010.json","timestamp":"2025-04-29T22:37:20.245Z"}
{"level":"info","message":"Processing suites in result 3 in index_010.json","suiteCount":1,"timestamp":"2025-04-29T22:37:20.245Z"}
{"level":"info","message":"Processing tests in suite 3.0 in index_010.json","testCount":1,"timestamp":"2025-04-29T22:37:20.246Z"}
{"level":"info","message":"Completed extracting test results from index_010.json","testCount":4,"timestamp":"2025-04-29T22:37:20.246Z"}
{"level":"info","message":"Extracted 4 test results from index_010.json","timestamp":"2025-04-29T22:37:20.247Z"}
{"level":"info","message":"Processing report: /Users/pierrekhouzam/Desktop/magento-cypress-automation/cypress/reports/index_011.json","timestamp":"2025-04-29T22:37:20.247Z"}
{"level":"info","message":"Reading file: /Users/pierrekhouzam/Desktop/magento-cypress-automation/cypress/reports/index_011.json","timestamp":"2025-04-29T22:37:20.247Z"}
{"level":"info","message":"Attempting to parse JSON from index_011.json","timestamp":"2025-04-29T22:37:20.251Z"}
{"level":"info","message":"Extracting test results from index_011.json","timestamp":"2025-04-29T22:37:20.258Z"}
{"level":"info","message":"Processing results array in index_011.json","resultCount":4,"timestamp":"2025-04-29T22:37:20.259Z"}
{"level":"info","message":"No direct tests in result 0 in index_011.json","timestamp":"2025-04-29T22:37:20.259Z"}
{"level":"info","message":"Processing suites in result 0 in index_011.json","suiteCount":1,"timestamp":"2025-04-29T22:37:20.259Z"}
{"level":"info","message":"Processing tests in suite 0.0 in index_011.json","testCount":1,"timestamp":"2025-04-29T22:37:20.259Z"}
{"level":"info","message":"No direct tests in result 1 in index_011.json","timestamp":"2025-04-29T22:37:20.260Z"}
{"level":"info","message":"Processing suites in result 1 in index_011.json","suiteCount":1,"timestamp":"2025-04-29T22:37:20.261Z"}
{"level":"info","message":"Processing tests in suite 1.0 in index_011.json","testCount":1,"timestamp":"2025-04-29T22:37:20.261Z"}
{"level":"info","message":"No direct tests in result 2 in index_011.json","timestamp":"2025-04-29T22:37:20.262Z"}
{"level":"info","message":"Processing suites in result 2 in index_011.json","suiteCount":1,"timestamp":"2025-04-29T22:37:20.262Z"}
{"level":"info","message":"Processing tests in suite 2.0 in index_011.json","testCount":1,"timestamp":"2025-04-29T22:37:20.262Z"}
{"level":"info","message":"No direct tests in result 3 in index_011.json","timestamp":"2025-04-29T22:37:20.263Z"}
{"level":"info","message":"Processing suites in result 3 in index_011.json","suiteCount":1,"timestamp":"2025-04-29T22:37:20.263Z"}
{"level":"info","message":"Processing tests in suite 3.0 in index_011.json","testCount":1,"timestamp":"2025-04-29T22:37:20.263Z"}
{"level":"info","message":"Completed extracting test results from index_011.json","testCount":4,"timestamp":"2025-04-29T22:37:20.264Z"}
{"level":"info","message":"Extracted 4 test results from index_011.json","timestamp":"2025-04-29T22:37:20.264Z"}
{"level":"info","message":"Test title \"Test Case A: Registration flow with login validation Should register a new user and validate login\" appears 12 times across JSON files","timestamp":"2025-04-29T22:37:20.264Z"}
{"level":"info","message":"Test title \"Test Case A: Registration flow with login validation Should allow user to log in with registered credentials\" appears 3 times across JSON files","timestamp":"2025-04-29T22:37:20.264Z"}
{"level":"info","message":"Test title \"Test Case B: Place order with multiple products and validate price Should register and add multiple products to cart then verify total price\" appears 5 times across JSON files","timestamp":"2025-04-29T22:37:20.265Z"}
{"level":"info","message":"Test title \"Test Case C: Wishlist and Checkout Should add products to wishlist and checkout from wishlist\" appears 5 times across JSON files","timestamp":"2025-04-29T22:37:20.265Z"}
{"level":"info","message":"Test title \"Test Case D: Search and Validate Results Should search for a valid product and validate results, then search invalid and validate empty results\" appears 5 times across JSON files","timestamp":"2025-04-29T22:37:20.265Z"}
{"level":"info","message":"Ensured DB directory exists: /Users/pierrekhouzam/Desktop/magento-cypress-automation/cypress/db","timestamp":"2025-04-29T22:37:20.267Z"}
{"level":"info","message":"Test history saved to /Users/pierrekhouzam/Desktop/magento-cypress-automation/cypress/db/test-history.json","testCount":5,"timestamp":"2025-04-29T22:37:20.270Z"}
{"level":"info","message":"Flaky test detection completed.","testsProcessed":30,"timestamp":"2025-04-29T22:37:20.273Z","uniqueTests":5}
{"level":"info","message":"Starting AI-powered flakiness analysis...","timestamp":"2025-04-29T22:37:20.274Z"}
{"level":"info","message":"Ensured DB directory exists: /Users/pierrekhouzam/Desktop/magento-cypress-automation/cypress/db","timestamp":"2025-04-29T22:37:20.275Z"}
{"level":"info","message":"Test history loaded from /Users/pierrekhouzam/Desktop/magento-cypress-automation/cypress/db/test-history.json","testCount":5,"timestamp":"2025-04-29T22:37:20.276Z"}
{"level":"info","message":"Training AI model with historical test data...","timestamp":"2025-04-29T22:37:20.276Z"}
{"file":"cypress/db/flaky-model.json","level":"info","message":"ML model loaded from","timestamp":"2025-04-29T22:37:20.279Z"}
{"level":"info","message":"Using cached ML model","timestamp":"2025-04-29T22:37:20.279Z"}
{"0":{"feature":"passRate","score":"0.00%"},"1":{"feature":"avgDuration","score":"0.00%"},"2":{"feature":"transitionRate","score":"0.00%"},"3":{"feature":"timingIssues","score":"0.00%"},"4":{"feature":"selectorIssues","score":"0.00%"},"5":{"feature":"networkIssues","score":"0.00%"},"6":{"feature":"dataIssues","score":"0.00%"},"7":{"feature":"durationVariability","score":"0.00%"},"8":{"feature":"recentFailRate","score":"0.00%"},"level":"info","message":"Feature Importance:","timestamp":"2025-04-29T22:37:20.280Z"}
{"level":"info","message":"Analyzing tests for flakiness","testCount":5,"timestamp":"2025-04-29T22:37:20.280Z"}
{"filePath":"cypress/reports/predictions/predictions-2025-04-29T22-37-20-282Z.json","level":"info","message":"Predictions saved","timestamp":"2025-04-29T22:37:20.283Z"}
{"level":"info","message":"Starting flaky test detection...","timestamp":"2025-04-29T22:38:35.749Z"}
{"level":"info","message":"Verifying report directory: /Users/pierrekhouzam/Desktop/magento-cypress-automation/cypress/reports","timestamp":"2025-04-29T22:38:35.749Z"}
{"level":"info","message":"Scanning report directory: /Users/pierrekhouzam/Desktop/magento-cypress-automation/cypress/reports","timestamp":"2025-04-29T22:38:35.750Z"}
{"level":"info","message":"Found files in directory: flaky-tests-report.html, index.html, index.json, index_001.html, index_001.json, index_002.html, index_002.json, index_003.html, index_003.json, index_004.html, index_004.json, index_005.html, index_005.json, index_006.html, index_006.json, index_007.html, index_007.json, index_008.html, index_008.json, index_009.html, index_009.json, index_010.html, index_010.json, index_011.html, index_011.json, predictions","timestamp":"2025-04-29T22:38:35.751Z"}
{"level":"info","message":"Found JSON files: index.json, index_001.json, index_002.json, index_003.json, index_004.json, index_005.json, index_006.json, index_007.json, index_008.json, index_009.json, index_010.json, index_011.json","timestamp":"2025-04-29T22:38:35.751Z"}
{"level":"info","message":"Processing report: /Users/pierrekhouzam/Desktop/magento-cypress-automation/cypress/reports/index.json","timestamp":"2025-04-29T22:38:35.751Z"}
{"level":"info","message":"Reading file: /Users/pierrekhouzam/Desktop/magento-cypress-automation/cypress/reports/index.json","timestamp":"2025-04-29T22:38:35.751Z"}
{"level":"info","message":"Attempting to parse JSON from index.json","timestamp":"2025-04-29T22:38:35.756Z"}
{"level":"info","message":"Extracting test results from index.json","timestamp":"2025-04-29T22:38:35.763Z"}
{"level":"info","message":"Processing results array in index.json","resultCount":1,"timestamp":"2025-04-29T22:38:35.763Z"}
{"level":"info","message":"No direct tests in result 0 in index.json","timestamp":"2025-04-29T22:38:35.763Z"}
{"level":"info","message":"Processing suites in result 0 in index.json","suiteCount":1,"timestamp":"2025-04-29T22:38:35.763Z"}
{"level":"info","message":"Processing tests in suite 0.0 in index.json","testCount":2,"timestamp":"2025-04-29T22:38:35.764Z"}
{"level":"info","message":"Completed extracting test results from index.json","testCount":2,"timestamp":"2025-04-29T22:38:35.766Z"}
{"level":"info","message":"Extracted 2 test results from index.json","timestamp":"2025-04-29T22:38:35.766Z"}
{"level":"info","message":"Processing report: /Users/pierrekhouzam/Desktop/magento-cypress-automation/cypress/reports/index_001.json","timestamp":"2025-04-29T22:38:35.767Z"}
{"level":"info","message":"Reading file: /Users/pierrekhouzam/Desktop/magento-cypress-automation/cypress/reports/index_001.json","timestamp":"2025-04-29T22:38:35.767Z"}
{"level":"info","message":"Attempting to parse JSON from index_001.json","timestamp":"2025-04-29T22:38:35.769Z"}
{"level":"info","message":"Extracting test results from index_001.json","timestamp":"2025-04-29T22:38:35.773Z"}
{"level":"info","message":"Processing results array in index_001.json","resultCount":1,"timestamp":"2025-04-29T22:38:35.773Z"}
{"level":"info","message":"No direct tests in result 0 in index_001.json","timestamp":"2025-04-29T22:38:35.773Z"}
{"level":"info","message":"Processing suites in result 0 in index_001.json","suiteCount":1,"timestamp":"2025-04-29T22:38:35.774Z"}
{"level":"info","message":"Processing tests in suite 0.0 in index_001.json","testCount":2,"timestamp":"2025-04-29T22:38:35.774Z"}
{"level":"info","message":"Completed extracting test results from index_001.json","testCount":2,"timestamp":"2025-04-29T22:38:35.777Z"}
{"level":"info","message":"Extracted 2 test results from index_001.json","timestamp":"2025-04-29T22:38:35.777Z"}
{"level":"info","message":"Processing report: /Users/pierrekhouzam/Desktop/magento-cypress-automation/cypress/reports/index_002.json","timestamp":"2025-04-29T22:38:35.777Z"}
{"level":"info","message":"Reading file: /Users/pierrekhouzam/Desktop/magento-cypress-automation/cypress/reports/index_002.json","timestamp":"2025-04-29T22:38:35.777Z"}
{"level":"info","message":"Attempting to parse JSON from index_002.json","timestamp":"2025-04-29T22:38:35.782Z"}
{"level":"info","message":"Extracting test results from index_002.json","timestamp":"2025-04-29T22:38:35.786Z"}
{"level":"info","message":"Processing results array in index_002.json","resultCount":1,"timestamp":"2025-04-29T22:38:35.786Z"}
{"level":"info","message":"No direct tests in result 0 in index_002.json","timestamp":"2025-04-29T22:38:35.786Z"}
{"level":"info","message":"Processing suites in result 0 in index_002.json","suiteCount":1,"timestamp":"2025-04-29T22:38:35.786Z"}
{"level":"info","message":"Processing tests in suite 0.0 in index_002.json","testCount":2,"timestamp":"2025-04-29T22:38:35.786Z"}
{"level":"info","message":"Completed extracting test results from index_002.json","testCount":2,"timestamp":"2025-04-29T22:38:35.788Z"}
{"level":"info","message":"Extracted 2 test results from index_002.json","timestamp":"2025-04-29T22:38:35.788Z"}
{"level":"info","message":"Processing report: /Users/pierrekhouzam/Desktop/magento-cypress-automation/cypress/reports/index_003.json","timestamp":"2025-04-29T22:38:35.789Z"}
{"level":"info","message":"Reading file: /Users/pierrekhouzam/Desktop/magento-cypress-automation/cypress/reports/index_003.json","timestamp":"2025-04-29T22:38:35.789Z"}
{"level":"info","message":"Attempting to parse JSON from index_003.json","timestamp":"2025-04-29T22:38:35.795Z"}
{"level":"info","message":"Extracting test results from index_003.json","timestamp":"2025-04-29T22:38:35.796Z"}
{"level":"info","message":"Processing results array in index_003.json","resultCount":1,"timestamp":"2025-04-29T22:38:35.796Z"}
{"level":"info","message":"No direct tests in result 0 in index_003.json","timestamp":"2025-04-29T22:38:35.797Z"}
{"level":"info","message":"Processing suites in result 0 in index_003.json","suiteCount":1,"timestamp":"2025-04-29T22:38:35.797Z"}
{"level":"info","message":"Processing tests in suite 0.0 in index_003.json","testCount":1,"timestamp":"2025-04-29T22:38:35.797Z"}
{"level":"info","message":"Completed extracting test results from index_003.json","testCount":1,"timestamp":"2025-04-29T22:38:35.798Z"}
{"level":"info","message":"Extracted 1 test results from index_003.json","timestamp":"2025-04-29T22:38:35.798Z"}
{"level":"info","message":"Processing report: /Users/pierrekhouzam/Desktop/magento-cypress-automation/cypress/reports/index_004.json","timestamp":"2025-04-29T22:38:35.798Z"}
{"level":"info","message":"Reading file: /Users/pierrekhouzam/Desktop/magento-cypress-automation/cypress/reports/index_004.json","timestamp":"2025-04-29T22:38:35.799Z"}
{"level":"info","message":"Attempting to parse JSON from index_004.json","timestamp":"2025-04-29T22:38:35.800Z"}
{"level":"info","message":"Extracting test results from index_004.json","timestamp":"2025-04-29T22:38:35.802Z"}
{"level":"info","message":"Processing results array in index_004.json","resultCount":1,"timestamp":"2025-04-29T22:38:35.802Z"}
{"level":"info","message":"No direct tests in result 0 in index_004.json","timestamp":"2025-04-29T22:38:35.802Z"}
{"level":"info","message":"Processing suites in result 0 in index_004.json","suiteCount":1,"timestamp":"2025-04-29T22:38:35.802Z"}
{"level":"info","message":"Processing tests in suite 0.0 in index_004.json","testCount":1,"timestamp":"2025-04-29T22:38:35.802Z"}
{"level":"info","message":"Completed extracting test results from index_004.json","testCount":1,"timestamp":"2025-04-29T22:38:35.803Z"}
{"level":"info","message":"Extracted 1 test results from index_004.json","timestamp":"2025-04-29T22:38:35.803Z"}
{"level":"info","message":"Processing report: /Users/pierrekhouzam/Desktop/magento-cypress-automation/cypress/reports/index_005.json","timestamp":"2025-04-29T22:38:35.803Z"}
{"level":"info","message":"Reading file: /Users/pierrekhouzam/Desktop/magento-cypress-automation/cypress/reports/index_005.json","timestamp":"2025-04-29T22:38:35.803Z"}
{"level":"info","message":"Attempting to parse JSON from index_005.json","timestamp":"2025-04-29T22:38:35.809Z"}
{"level":"info","message":"Extracting test results from index_005.json","timestamp":"2025-04-29T22:38:35.817Z"}
{"level":"info","message":"Processing results array in index_005.json","resultCount":4,"timestamp":"2025-04-29T22:38:35.818Z"}
{"level":"info","message":"No direct tests in result 0 in index_005.json","timestamp":"2025-04-29T22:38:35.818Z"}
{"level":"info","message":"Processing suites in result 0 in index_005.json","suiteCount":1,"timestamp":"2025-04-29T22:38:35.818Z"}
{"level":"info","message":"Processing tests in suite 0.0 in index_005.json","testCount":1,"timestamp":"2025-04-29T22:38:35.818Z"}
{"level":"info","message":"No direct tests in result 1 in index_005.json","timestamp":"2025-04-29T22:38:35.819Z"}
{"level":"info","message":"Processing suites in result 1 in index_005.json","suiteCount":1,"timestamp":"2025-04-29T22:38:35.819Z"}
{"level":"info","message":"Processing tests in suite 1.0 in index_005.json","testCount":1,"timestamp":"2025-04-29T22:38:35.819Z"}
{"level":"info","message":"No direct tests in result 2 in index_005.json","timestamp":"2025-04-29T22:38:35.820Z"}
{"level":"info","message":"Processing suites in result 2 in index_005.json","suiteCount":1,"timestamp":"2025-04-29T22:38:35.820Z"}
{"level":"info","message":"Processing tests in suite 2.0 in index_005.json","testCount":1,"timestamp":"2025-04-29T22:38:35.820Z"}
{"level":"info","message":"No direct tests in result 3 in index_005.json","timestamp":"2025-04-29T22:38:35.821Z"}
{"level":"info","message":"Processing suites in result 3 in index_005.json","suiteCount":1,"timestamp":"2025-04-29T22:38:35.821Z"}
{"level":"info","message":"Processing tests in suite 3.0 in index_005.json","testCount":1,"timestamp":"2025-04-29T22:38:35.821Z"}
{"level":"info","message":"Completed extracting test results from index_005.json","testCount":4,"timestamp":"2025-04-29T22:38:35.822Z"}
{"level":"info","message":"Extracted 4 test results from index_005.json","timestamp":"2025-04-29T22:38:35.822Z"}
{"level":"info","message":"Processing report: /Users/pierrekhouzam/Desktop/magento-cypress-automation/cypress/reports/index_006.json","timestamp":"2025-04-29T22:38:35.822Z"}
{"level":"info","message":"Reading file: /Users/pierrekhouzam/Desktop/magento-cypress-automation/cypress/reports/index_006.json","timestamp":"2025-04-29T22:38:35.822Z"}
{"level":"info","message":"Attempting to parse JSON from index_006.json","timestamp":"2025-04-29T22:38:35.833Z"}
{"level":"info","message":"Extracting test results from index_006.json","timestamp":"2025-04-29T22:38:35.839Z"}
{"level":"info","message":"Processing results array in index_006.json","resultCount":4,"timestamp":"2025-04-29T22:38:35.840Z"}
{"level":"info","message":"No direct tests in result 0 in index_006.json","timestamp":"2025-04-29T22:38:35.840Z"}
{"level":"info","message":"Processing suites in result 0 in index_006.json","suiteCount":1,"timestamp":"2025-04-29T22:38:35.840Z"}
{"level":"info","message":"Processing tests in suite 0.0 in index_006.json","testCount":1,"timestamp":"2025-04-29T22:38:35.840Z"}
{"level":"info","message":"No direct tests in result 1 in index_006.json","timestamp":"2025-04-29T22:38:35.842Z"}
{"level":"info","message":"Processing suites in result 1 in index_006.json","suiteCount":1,"timestamp":"2025-04-29T22:38:35.842Z"}
{"level":"info","message":"Processing tests in suite 1.0 in index_006.json","testCount":1,"timestamp":"2025-04-29T22:38:35.842Z"}
{"level":"info","message":"No direct tests in result 2 in index_006.json","timestamp":"2025-04-29T22:38:35.844Z"}
{"level":"info","message":"Processing suites in result 2 in index_006.json","suiteCount":1,"timestamp":"2025-04-29T22:38:35.844Z"}
{"level":"info","message":"Processing tests in suite 2.0 in index_006.json","testCount":1,"timestamp":"2025-04-29T22:38:35.844Z"}
{"level":"info","message":"No direct tests in result 3 in index_006.json","timestamp":"2025-04-29T22:38:35.846Z"}
{"level":"info","message":"Processing suites in result 3 in index_006.json","suiteCount":1,"timestamp":"2025-04-29T22:38:35.846Z"}
{"level":"info","message":"Processing tests in suite 3.0 in index_006.json","testCount":1,"timestamp":"2025-04-29T22:38:35.847Z"}
{"level":"info","message":"Completed extracting test results from index_006.json","testCount":4,"timestamp":"2025-04-29T22:38:35.848Z"}
{"level":"info","message":"Extracted 4 test results from index_006.json","timestamp":"2025-04-29T22:38:35.848Z"}
{"level":"info","message":"Processing report: /Users/pierrekhouzam/Desktop/magento-cypress-automation/cypress/reports/index_007.json","timestamp":"2025-04-29T22:38:35.848Z"}
{"level":"info","message":"Reading file: /Users/pierrekhouzam/Desktop/magento-cypress-automation/cypress/reports/index_007.json","timestamp":"2025-04-29T22:38:35.848Z"}
{"level":"info","message":"Attempting to parse JSON from index_007.json","timestamp":"2025-04-29T22:38:35.850Z"}
{"level":"info","message":"Extracting test results from index_007.json","timestamp":"2025-04-29T22:38:35.851Z"}
{"level":"info","message":"Processing results array in index_007.json","resultCount":1,"timestamp":"2025-04-29T22:38:35.852Z"}
{"level":"info","message":"No direct tests in result 0 in index_007.json","timestamp":"2025-04-29T22:38:35.852Z"}
{"level":"info","message":"Processing suites in result 0 in index_007.json","suiteCount":1,"timestamp":"2025-04-29T22:38:35.852Z"}
{"level":"info","message":"Processing tests in suite 0.0 in index_007.json","testCount":1,"timestamp":"2025-04-29T22:38:35.852Z"}
{"level":"info","message":"Completed extracting test results from index_007.json","testCount":1,"timestamp":"2025-04-29T22:38:35.853Z"}
{"level":"info","message":"Extracted 1 test results from index_007.json","timestamp":"2025-04-29T22:38:35.853Z"}
{"level":"info","message":"Processing report: /Users/pierrekhouzam/Desktop/magento-cypress-automation/cypress/reports/index_008.json","timestamp":"2025-04-29T22:38:35.853Z"}
{"level":"info","message":"Reading file: /Users/pierrekhouzam/Desktop/magento-cypress-automation/cypress/reports/index_008.json","timestamp":"2025-04-29T22:38:35.853Z"}
{"level":"info","message":"Attempting to parse JSON from index_008.json","timestamp":"2025-04-29T22:38:35.854Z"}
{"level":"info","message":"Extracting test results from index_008.json","timestamp":"2025-04-29T22:38:35.856Z"}
{"level":"info","message":"Processing results array in index_008.json","resultCount":1,"timestamp":"2025-04-29T22:38:35.856Z"}
{"level":"info","message":"No direct tests in result 0 in index_008.json","timestamp":"2025-04-29T22:38:35.856Z"}
{"level":"info","message":"Processing suites in result 0 in index_008.json","suiteCount":1,"timestamp":"2025-04-29T22:38:35.857Z"}
{"level":"info","message":"Processing tests in suite 0.0 in index_008.json","testCount":1,"timestamp":"2025-04-29T22:38:35.857Z"}
{"level":"info","message":"Completed extracting test results from index_008.json","testCount":1,"timestamp":"2025-04-29T22:38:35.858Z"}
{"level":"info","message":"Extracted 1 test results from index_008.json","timestamp":"2025-04-29T22:38:35.859Z"}
{"level":"info","message":"Processing report: /Users/pierrekhouzam/Desktop/magento-cypress-automation/cypress/reports/index_009.json","timestamp":"2025-04-29T22:38:35.859Z"}
{"level":"info","message":"Reading file: /Users/pierrekhouzam/Desktop/magento-cypress-automation/cypress/reports/index_009.json","timestamp":"2025-04-29T22:38:35.859Z"}
{"level":"info","message":"Attempting to parse JSON from index_009.json","timestamp":"2025-04-29T22:38:35.866Z"}
{"level":"info","message":"Extracting test results from index_009.json","timestamp":"2025-04-29T22:38:35.874Z"}
{"level":"info","message":"Processing results array in index_009.json","resultCount":4,"timestamp":"2025-04-29T22:38:35.875Z"}
{"level":"info","message":"No direct tests in result 0 in index_009.json","timestamp":"2025-04-29T22:38:35.875Z"}
{"level":"info","message":"Processing suites in result 0 in index_009.json","suiteCount":1,"timestamp":"2025-04-29T22:38:35.875Z"}
{"level":"info","message":"Processing tests in suite 0.0 in index_009.json","testCount":1,"timestamp":"2025-04-29T22:38:35.875Z"}
{"level":"info","message":"No direct tests in result 1 in index_009.json","timestamp":"2025-04-29T22:38:35.876Z"}
{"level":"info","message":"Processing suites in result 1 in index_009.json","suiteCount":1,"timestamp":"2025-04-29T22:38:35.876Z"}
{"level":"info","message":"Processing tests in suite 1.0 in index_009.json","testCount":1,"timestamp":"2025-04-29T22:38:35.876Z"}
{"level":"info","message":"No direct tests in result 2 in index_009.json","timestamp":"2025-04-29T22:38:35.877Z"}
{"level":"info","message":"Processing suites in result 2 in index_009.json","suiteCount":1,"timestamp":"2025-04-29T22:38:35.877Z"}
{"level":"info","message":"Processing tests in suite 2.0 in index_009.json","testCount":1,"timestamp":"2025-04-29T22:38:35.877Z"}
{"level":"info","message":"No direct tests in result 3 in index_009.json","timestamp":"2025-04-29T22:38:35.879Z"}
{"level":"info","message":"Processing suites in result 3 in index_009.json","suiteCount":1,"timestamp":"2025-04-29T22:38:35.879Z"}
{"level":"info","message":"Processing tests in suite 3.0 in index_009.json","testCount":1,"timestamp":"2025-04-29T22:38:35.879Z"}
{"level":"info","message":"Completed extracting test results from index_009.json","testCount":4,"timestamp":"2025-04-29T22:38:35.880Z"}
{"level":"info","message":"Extracted 4 test results from index_009.json","timestamp":"2025-04-29T22:38:35.880Z"}
{"level":"info","message":"Processing report: /Users/pierrekhouzam/Desktop/magento-cypress-automation/cypress/reports/index_010.json","timestamp":"2025-04-29T22:38:35.880Z"}
{"level":"info","message":"Reading file: /Users/pierrekhouzam/Desktop/magento-cypress-automation/cypress/reports/index_010.json","timestamp":"2025-04-29T22:38:35.881Z"}
{"level":"info","message":"Attempting to parse JSON from index_010.json","timestamp":"2025-04-29T22:38:35.887Z"}
{"level":"info","message":"Extracting test results from index_010.json","timestamp":"2025-04-29T22:38:35.895Z"}
{"level":"info","message":"Processing results array in index_010.json","resultCount":4,"timestamp":"2025-04-29T22:38:35.895Z"}
{"level":"info","message":"No direct tests in result 0 in index_010.json","timestamp":"2025-04-29T22:38:35.895Z"}
{"level":"info","message":"Processing suites in result 0 in index_010.json","suiteCount":1,"timestamp":"2025-04-29T22:38:35.895Z"}
{"level":"info","message":"Processing tests in suite 0.0 in index_010.json","testCount":1,"timestamp":"2025-04-29T22:38:35.895Z"}
{"level":"info","message":"No direct tests in result 1 in index_010.json","timestamp":"2025-04-29T22:38:35.896Z"}
{"level":"info","message":"Processing suites in result 1 in index_010.json","suiteCount":1,"timestamp":"2025-04-29T22:38:35.896Z"}
{"level":"info","message":"Processing tests in suite 1.0 in index_010.json","testCount":1,"timestamp":"2025-04-29T22:38:35.896Z"}
{"level":"info","message":"No direct tests in result 2 in index_010.json","timestamp":"2025-04-29T22:38:35.897Z"}
{"level":"info","message":"Processing suites in result 2 in index_010.json","suiteCount":1,"timestamp":"2025-04-29T22:38:35.898Z"}
{"level":"info","message":"Processing tests in suite 2.0 in index_010.json","testCount":1,"timestamp":"2025-04-29T22:38:35.898Z"}
{"level":"info","message":"No direct tests in result 3 in index_010.json","timestamp":"2025-04-29T22:38:35.898Z"}
{"level":"info","message":"Processing suites in result 3 in index_010.json","suiteCount":1,"timestamp":"2025-04-29T22:38:35.899Z"}
{"level":"info","message":"Processing tests in suite 3.0 in index_010.json","testCount":1,"timestamp":"2025-04-29T22:38:35.899Z"}
{"level":"info","message":"Completed extracting test results from index_010.json","testCount":4,"timestamp":"2025-04-29T22:38:35.900Z"}
{"level":"info","message":"Extracted 4 test results from index_010.json","timestamp":"2025-04-29T22:38:35.900Z"}
{"level":"info","message":"Processing report: /Users/pierrekhouzam/Desktop/magento-cypress-automation/cypress/reports/index_011.json","timestamp":"2025-04-29T22:38:35.900Z"}
{"level":"info","message":"Reading file: /Users/pierrekhouzam/Desktop/magento-cypress-automation/cypress/reports/index_011.json","timestamp":"2025-04-29T22:38:35.900Z"}
{"level":"info","message":"Attempting to parse JSON from index_011.json","timestamp":"2025-04-29T22:38:35.904Z"}
{"level":"info","message":"Extracting test results from index_011.json","timestamp":"2025-04-29T22:38:35.914Z"}
{"level":"info","message":"Processing results array in index_011.json","resultCount":4,"timestamp":"2025-04-29T22:38:35.914Z"}
{"level":"info","message":"No direct tests in result 0 in index_011.json","timestamp":"2025-04-29T22:38:35.914Z"}
{"level":"info","message":"Processing suites in result 0 in index_011.json","suiteCount":1,"timestamp":"2025-04-29T22:38:35.914Z"}
{"level":"info","message":"Processing tests in suite 0.0 in index_011.json","testCount":1,"timestamp":"2025-04-29T22:38:35.914Z"}
{"level":"info","message":"No direct tests in result 1 in index_011.json","timestamp":"2025-04-29T22:38:35.915Z"}
{"level":"info","message":"Processing suites in result 1 in index_011.json","suiteCount":1,"timestamp":"2025-04-29T22:38:35.915Z"}
{"level":"info","message":"Processing tests in suite 1.0 in index_011.json","testCount":1,"timestamp":"2025-04-29T22:38:35.915Z"}
{"level":"info","message":"No direct tests in result 2 in index_011.json","timestamp":"2025-04-29T22:38:35.916Z"}
{"level":"info","message":"Processing suites in result 2 in index_011.json","suiteCount":1,"timestamp":"2025-04-29T22:38:35.916Z"}
{"level":"info","message":"Processing tests in suite 2.0 in index_011.json","testCount":1,"timestamp":"2025-04-29T22:38:35.916Z"}
{"level":"info","message":"No direct tests in result 3 in index_011.json","timestamp":"2025-04-29T22:38:35.917Z"}
{"level":"info","message":"Processing suites in result 3 in index_011.json","suiteCount":1,"timestamp":"2025-04-29T22:38:35.917Z"}
{"level":"info","message":"Processing tests in suite 3.0 in index_011.json","testCount":1,"timestamp":"2025-04-29T22:38:35.917Z"}
{"level":"info","message":"Completed extracting test results from index_011.json","testCount":4,"timestamp":"2025-04-29T22:38:35.918Z"}
{"level":"info","message":"Extracted 4 test results from index_011.json","timestamp":"2025-04-29T22:38:35.918Z"}
{"level":"info","message":"Test title \"Test Case A: Registration flow with login validation Should register a new user and validate login\" appears 12 times across JSON files","timestamp":"2025-04-29T22:38:35.919Z"}
{"level":"info","message":"Test title \"Test Case A: Registration flow with login validation Should allow user to log in with registered credentials\" appears 3 times across JSON files","timestamp":"2025-04-29T22:38:35.919Z"}
{"level":"info","message":"Test title \"Test Case B: Place order with multiple products and validate price Should register and add multiple products to cart then verify total price\" appears 5 times across JSON files","timestamp":"2025-04-29T22:38:35.919Z"}
{"level":"info","message":"Test title \"Test Case C: Wishlist and Checkout Should add products to wishlist and checkout from wishlist\" appears 5 times across JSON files","timestamp":"2025-04-29T22:38:35.919Z"}
{"level":"info","message":"Test title \"Test Case D: Search and Validate Results Should search for a valid product and validate results, then search invalid and validate empty results\" appears 5 times across JSON files","timestamp":"2025-04-29T22:38:35.919Z"}
{"level":"info","message":"Ensured DB directory exists: /Users/pierrekhouzam/Desktop/magento-cypress-automation/cypress/db","timestamp":"2025-04-29T22:38:35.920Z"}
{"level":"info","message":"Test history saved to /Users/pierrekhouzam/Desktop/magento-cypress-automation/cypress/db/test-history.json","testCount":5,"timestamp":"2025-04-29T22:38:35.921Z"}
{"level":"info","message":"Flaky test detection completed.","testsProcessed":30,"timestamp":"2025-04-29T22:38:35.922Z","uniqueTests":5}
{"level":"info","message":"Starting AI-powered flakiness analysis...","timestamp":"2025-04-29T22:38:35.922Z"}
{"level":"info","message":"Ensured DB directory exists: /Users/pierrekhouzam/Desktop/magento-cypress-automation/cypress/db","timestamp":"2025-04-29T22:38:35.923Z"}
{"level":"info","message":"Test history loaded from /Users/pierrekhouzam/Desktop/magento-cypress-automation/cypress/db/test-history.json","testCount":5,"timestamp":"2025-04-29T22:38:35.925Z"}
{"level":"info","message":"Training AI model with historical test data...","timestamp":"2025-04-29T22:38:35.925Z"}
{"file":"cypress/db/flaky-model.json","level":"info","message":"ML model loaded from","timestamp":"2025-04-29T22:38:35.926Z"}
{"level":"info","message":"Using cached ML model","timestamp":"2025-04-29T22:38:35.926Z"}
{"0":{"feature":"passRate","score":"0.00%"},"1":{"feature":"avgDuration","score":"0.00%"},"2":{"feature":"transitionRate","score":"0.00%"},"3":{"feature":"timingIssues","score":"0.00%"},"4":{"feature":"selectorIssues","score":"0.00%"},"5":{"feature":"networkIssues","score":"0.00%"},"6":{"feature":"dataIssues","score":"0.00%"},"7":{"feature":"durationVariability","score":"0.00%"},"8":{"feature":"recentFailRate","score":"0.00%"},"level":"info","message":"Feature Importance:","timestamp":"2025-04-29T22:38:35.927Z"}
{"level":"info","message":"Analyzing tests for flakiness","testCount":5,"timestamp":"2025-04-29T22:38:35.927Z"}
{"filePath":"cypress/reports/predictions/predictions-2025-04-29T22-38-35-928Z.json","level":"info","message":"Predictions saved","timestamp":"2025-04-29T22:38:35.929Z"}
{"level":"info","message":"Ensured DB directory exists: /Users/pierrekhouzam/Desktop/magento-cypress-automation/cypress/db","timestamp":"2025-04-29T22:40:26.855Z"}
{"level":"info","message":"Test history loaded from /Users/pierrekhouzam/Desktop/magento-cypress-automation/cypress/db/test-history.json","testCount":5,"timestamp":"2025-04-29T22:40:26.856Z"}
{"level":"info","message":"Starting flaky test detection...","timestamp":"2025-04-29T22:40:58.847Z"}
{"level":"info","message":"Verifying report directory: /Users/pierrekhouzam/Desktop/magento-cypress-automation/cypress/reports","timestamp":"2025-04-29T22:40:58.848Z"}
{"level":"info","message":"Scanning report directory: /Users/pierrekhouzam/Desktop/magento-cypress-automation/cypress/reports","timestamp":"2025-04-29T22:40:58.848Z"}
{"level":"info","message":"Found files in directory: flaky-tests-report.html, index.html, index.json, index_001.html, index_001.json, index_002.html, index_002.json, index_003.html, index_003.json, index_004.html, index_004.json, index_005.html, index_005.json, index_006.html, index_006.json, index_007.html, index_007.json, index_008.html, index_008.json, index_009.html, index_009.json, index_010.html, index_010.json, index_011.html, index_011.json, predictions","timestamp":"2025-04-29T22:40:58.849Z"}
{"level":"info","message":"Found JSON files: index.json, index_001.json, index_002.json, index_003.json, index_004.json, index_005.json, index_006.json, index_007.json, index_008.json, index_009.json, index_010.json, index_011.json","timestamp":"2025-04-29T22:40:58.849Z"}
{"level":"info","message":"Processing report: /Users/pierrekhouzam/Desktop/magento-cypress-automation/cypress/reports/index.json","timestamp":"2025-04-29T22:40:58.849Z"}
{"level":"info","message":"Reading file: /Users/pierrekhouzam/Desktop/magento-cypress-automation/cypress/reports/index.json","timestamp":"2025-04-29T22:40:58.849Z"}
{"level":"info","message":"Attempting to parse JSON from index.json","timestamp":"2025-04-29T22:40:58.854Z"}
{"level":"info","message":"Extracting test results from index.json","timestamp":"2025-04-29T22:40:58.862Z"}
{"level":"info","message":"Processing results array in index.json","resultCount":1,"timestamp":"2025-04-29T22:40:58.862Z"}
{"level":"info","message":"No direct tests in result 0 in index.json","timestamp":"2025-04-29T22:40:58.862Z"}
{"level":"info","message":"Processing suites in result 0 in index.json","suiteCount":1,"timestamp":"2025-04-29T22:40:58.862Z"}
{"level":"info","message":"Processing tests in suite 0.0 in index.json","testCount":2,"timestamp":"2025-04-29T22:40:58.862Z"}
{"level":"info","message":"Completed extracting test results from index.json","testCount":2,"timestamp":"2025-04-29T22:40:58.865Z"}
{"level":"info","message":"Extracted 2 test results from index.json","timestamp":"2025-04-29T22:40:58.865Z"}
{"level":"info","message":"Processing report: /Users/pierrekhouzam/Desktop/magento-cypress-automation/cypress/reports/index_001.json","timestamp":"2025-04-29T22:40:58.865Z"}
{"level":"info","message":"Reading file: /Users/pierrekhouzam/Desktop/magento-cypress-automation/cypress/reports/index_001.json","timestamp":"2025-04-29T22:40:58.866Z"}
{"level":"info","message":"Attempting to parse JSON from index_001.json","timestamp":"2025-04-29T22:40:58.868Z"}
{"level":"info","message":"Extracting test results from index_001.json","timestamp":"2025-04-29T22:40:58.873Z"}
{"level":"info","message":"Processing results array in index_001.json","resultCount":1,"timestamp":"2025-04-29T22:40:58.874Z"}
{"level":"info","message":"No direct tests in result 0 in index_001.json","timestamp":"2025-04-29T22:40:58.874Z"}
{"level":"info","message":"Processing suites in result 0 in index_001.json","suiteCount":1,"timestamp":"2025-04-29T22:40:58.874Z"}
{"level":"info","message":"Processing tests in suite 0.0 in index_001.json","testCount":2,"timestamp":"2025-04-29T22:40:58.874Z"}
{"level":"info","message":"Completed extracting test results from index_001.json","testCount":2,"timestamp":"2025-04-29T22:40:58.877Z"}
{"level":"info","message":"Extracted 2 test results from index_001.json","timestamp":"2025-04-29T22:40:58.877Z"}
{"level":"info","message":"Processing report: /Users/pierrekhouzam/Desktop/magento-cypress-automation/cypress/reports/index_002.json","timestamp":"2025-04-29T22:40:58.877Z"}
{"level":"info","message":"Reading file: /Users/pierrekhouzam/Desktop/magento-cypress-automation/cypress/reports/index_002.json","timestamp":"2025-04-29T22:40:58.877Z"}
{"level":"info","message":"Attempting to parse JSON from index_002.json","timestamp":"2025-04-29T22:40:58.882Z"}
{"level":"info","message":"Extracting test results from index_002.json","timestamp":"2025-04-29T22:40:58.887Z"}
{"level":"info","message":"Processing results array in index_002.json","resultCount":1,"timestamp":"2025-04-29T22:40:58.887Z"}
{"level":"info","message":"No direct tests in result 0 in index_002.json","timestamp":"2025-04-29T22:40:58.887Z"}
{"level":"info","message":"Processing suites in result 0 in index_002.json","suiteCount":1,"timestamp":"2025-04-29T22:40:58.887Z"}
{"level":"info","message":"Processing tests in suite 0.0 in index_002.json","testCount":2,"timestamp":"2025-04-29T22:40:58.887Z"}
{"level":"info","message":"Completed extracting test results from index_002.json","testCount":2,"timestamp":"2025-04-29T22:40:58.890Z"}
{"level":"info","message":"Extracted 2 test results from index_002.json","timestamp":"2025-04-29T22:40:58.891Z"}
{"level":"info","message":"Processing report: /Users/pierrekhouzam/Desktop/magento-cypress-automation/cypress/reports/index_003.json","timestamp":"2025-04-29T22:40:58.891Z"}
{"level":"info","message":"Reading file: /Users/pierrekhouzam/Desktop/magento-cypress-automation/cypress/reports/index_003.json","timestamp":"2025-04-29T22:40:58.891Z"}
{"level":"info","message":"Attempting to parse JSON from index_003.json","timestamp":"2025-04-29T22:40:58.894Z"}
{"level":"info","message":"Extracting test results from index_003.json","timestamp":"2025-04-29T22:40:58.897Z"}
{"level":"info","message":"Processing results array in index_003.json","resultCount":1,"timestamp":"2025-04-29T22:40:58.897Z"}
{"level":"info","message":"No direct tests in result 0 in index_003.json","timestamp":"2025-04-29T22:40:58.897Z"}
{"level":"info","message":"Processing suites in result 0 in index_003.json","suiteCount":1,"timestamp":"2025-04-29T22:40:58.897Z"}
{"level":"info","message":"Processing tests in suite 0.0 in index_003.json","testCount":1,"timestamp":"2025-04-29T22:40:58.897Z"}
{"level":"info","message":"Completed extracting test results from index_003.json","testCount":1,"timestamp":"2025-04-29T22:40:58.898Z"}
{"level":"info","message":"Extracted 1 test results from index_003.json","timestamp":"2025-04-29T22:40:58.898Z"}
{"level":"info","message":"Processing report: /Users/pierrekhouzam/Desktop/magento-cypress-automation/cypress/reports/index_004.json","timestamp":"2025-04-29T22:40:58.898Z"}
{"level":"info","message":"Reading file: /Users/pierrekhouzam/Desktop/magento-cypress-automation/cypress/reports/index_004.json","timestamp":"2025-04-29T22:40:58.898Z"}
{"level":"info","message":"Attempting to parse JSON from index_004.json","timestamp":"2025-04-29T22:40:58.901Z"}
{"level":"info","message":"Extracting test results from index_004.json","timestamp":"2025-04-29T22:40:58.903Z"}
{"level":"info","message":"Processing results array in index_004.json","resultCount":1,"timestamp":"2025-04-29T22:40:58.903Z"}
{"level":"info","message":"No direct tests in result 0 in index_004.json","timestamp":"2025-04-29T22:40:58.903Z"}
{"level":"info","message":"Processing suites in result 0 in index_004.json","suiteCount":1,"timestamp":"2025-04-29T22:40:58.903Z"}
{"level":"info","message":"Processing tests in suite 0.0 in index_004.json","testCount":1,"timestamp":"2025-04-29T22:40:58.903Z"}
{"level":"info","message":"Completed extracting test results from index_004.json","testCount":1,"timestamp":"2025-04-29T22:40:58.904Z"}
{"level":"info","message":"Extracted 1 test results from index_004.json","timestamp":"2025-04-29T22:40:58.904Z"}
{"level":"info","message":"Processing report: /Users/pierrekhouzam/Desktop/magento-cypress-automation/cypress/reports/index_005.json","timestamp":"2025-04-29T22:40:58.905Z"}
{"level":"info","message":"Reading file: /Users/pierrekhouzam/Desktop/magento-cypress-automation/cypress/reports/index_005.json","timestamp":"2025-04-29T22:40:58.905Z"}
{"level":"info","message":"Attempting to parse JSON from index_005.json","timestamp":"2025-04-29T22:40:58.911Z"}
{"level":"info","message":"Extracting test results from index_005.json","timestamp":"2025-04-29T22:40:58.918Z"}
{"level":"info","message":"Processing results array in index_005.json","resultCount":4,"timestamp":"2025-04-29T22:40:58.919Z"}
{"level":"info","message":"No direct tests in result 0 in index_005.json","timestamp":"2025-04-29T22:40:58.919Z"}
{"level":"info","message":"Processing suites in result 0 in index_005.json","suiteCount":1,"timestamp":"2025-04-29T22:40:58.919Z"}
{"level":"info","message":"Processing tests in suite 0.0 in index_005.json","testCount":1,"timestamp":"2025-04-29T22:40:58.919Z"}
{"level":"info","message":"No direct tests in result 1 in index_005.json","timestamp":"2025-04-29T22:40:58.920Z"}
{"level":"info","message":"Processing suites in result 1 in index_005.json","suiteCount":1,"timestamp":"2025-04-29T22:40:58.920Z"}
{"level":"info","message":"Processing tests in suite 1.0 in index_005.json","testCount":1,"timestamp":"2025-04-29T22:40:58.920Z"}
{"level":"info","message":"No direct tests in result 2 in index_005.json","timestamp":"2025-04-29T22:40:58.921Z"}
{"level":"info","message":"Processing suites in result 2 in index_005.json","suiteCount":1,"timestamp":"2025-04-29T22:40:58.921Z"}
{"level":"info","message":"Processing tests in suite 2.0 in index_005.json","testCount":1,"timestamp":"2025-04-29T22:40:58.921Z"}
{"level":"info","message":"No direct tests in result 3 in index_005.json","timestamp":"2025-04-29T22:40:58.922Z"}
{"level":"info","message":"Processing suites in result 3 in index_005.json","suiteCount":1,"timestamp":"2025-04-29T22:40:58.922Z"}
{"level":"info","message":"Processing tests in suite 3.0 in index_005.json","testCount":1,"timestamp":"2025-04-29T22:40:58.922Z"}
{"level":"info","message":"Completed extracting test results from index_005.json","testCount":4,"timestamp":"2025-04-29T22:40:58.923Z"}
{"level":"info","message":"Extracted 4 test results from index_005.json","timestamp":"2025-04-29T22:40:58.923Z"}
{"level":"info","message":"Processing report: /Users/pierrekhouzam/Desktop/magento-cypress-automation/cypress/reports/index_006.json","timestamp":"2025-04-29T22:40:58.924Z"}
{"level":"info","message":"Reading file: /Users/pierrekhouzam/Desktop/magento-cypress-automation/cypress/reports/index_006.json","timestamp":"2025-04-29T22:40:58.924Z"}
{"level":"info","message":"Attempting to parse JSON from index_006.json","timestamp":"2025-04-29T22:40:58.929Z"}
{"level":"info","message":"Extracting test results from index_006.json","timestamp":"2025-04-29T22:40:58.936Z"}
{"level":"info","message":"Processing results array in index_006.json","resultCount":4,"timestamp":"2025-04-29T22:40:58.937Z"}
{"level":"info","message":"No direct tests in result 0 in index_006.json","timestamp":"2025-04-29T22:40:58.937Z"}
{"level":"info","message":"Processing suites in result 0 in index_006.json","suiteCount":1,"timestamp":"2025-04-29T22:40:58.937Z"}
{"level":"info","message":"Processing tests in suite 0.0 in index_006.json","testCount":1,"timestamp":"2025-04-29T22:40:58.937Z"}
{"level":"info","message":"No direct tests in result 1 in index_006.json","timestamp":"2025-04-29T22:40:58.938Z"}
{"level":"info","message":"Processing suites in result 1 in index_006.json","suiteCount":1,"timestamp":"2025-04-29T22:40:58.938Z"}
{"level":"info","message":"Processing tests in suite 1.0 in index_006.json","testCount":1,"timestamp":"2025-04-29T22:40:58.938Z"}
{"level":"info","message":"No direct tests in result 2 in index_006.json","timestamp":"2025-04-29T22:40:58.939Z"}
{"level":"info","message":"Processing suites in result 2 in index_006.json","suiteCount":1,"timestamp":"2025-04-29T22:40:58.940Z"}
{"level":"info","message":"Processing tests in suite 2.0 in index_006.json","testCount":1,"timestamp":"2025-04-29T22:40:58.940Z"}
{"level":"info","message":"No direct tests in result 3 in index_006.json","timestamp":"2025-04-29T22:40:58.942Z"}
{"level":"info","message":"Processing suites in result 3 in index_006.json","suiteCount":1,"timestamp":"2025-04-29T22:40:58.942Z"}
{"level":"info","message":"Processing tests in suite 3.0 in index_006.json","testCount":1,"timestamp":"2025-04-29T22:40:58.942Z"}
{"level":"info","message":"Completed extracting test results from index_006.json","testCount":4,"timestamp":"2025-04-29T22:40:58.943Z"}
{"level":"info","message":"Extracted 4 test results from index_006.json","timestamp":"2025-04-29T22:40:58.944Z"}
{"level":"info","message":"Processing report: /Users/pierrekhouzam/Desktop/magento-cypress-automation/cypress/reports/index_007.json","timestamp":"2025-04-29T22:40:58.944Z"}
{"level":"info","message":"Reading file: /Users/pierrekhouzam/Desktop/magento-cypress-automation/cypress/reports/index_007.json","timestamp":"2025-04-29T22:40:58.944Z"}
{"level":"info","message":"Attempting to parse JSON from index_007.json","timestamp":"2025-04-29T22:40:58.949Z"}
{"level":"info","message":"Extracting test results from index_007.json","timestamp":"2025-04-29T22:40:58.951Z"}
{"level":"info","message":"Processing results array in index_007.json","resultCount":1,"timestamp":"2025-04-29T22:40:58.951Z"}
{"level":"info","message":"No direct tests in result 0 in index_007.json","timestamp":"2025-04-29T22:40:58.951Z"}
{"level":"info","message":"Processing suites in result 0 in index_007.json","suiteCount":1,"timestamp":"2025-04-29T22:40:58.951Z"}
{"level":"info","message":"Processing tests in suite 0.0 in index_007.json","testCount":1,"timestamp":"2025-04-29T22:40:58.951Z"}
{"level":"info","message":"Completed extracting test results from index_007.json","testCount":1,"timestamp":"2025-04-29T22:40:58.952Z"}
{"level":"info","message":"Extracted 1 test results from index_007.json","timestamp":"2025-04-29T22:40:58.952Z"}
{"level":"info","message":"Processing report: /Users/pierrekhouzam/Desktop/magento-cypress-automation/cypress/reports/index_008.json","timestamp":"2025-04-29T22:40:58.952Z"}
{"level":"info","message":"Reading file: /Users/pierrekhouzam/Desktop/magento-cypress-automation/cypress/reports/index_008.json","timestamp":"2025-04-29T22:40:58.952Z"}
{"level":"info","message":"Attempting to parse JSON from index_008.json","timestamp":"2025-04-29T22:40:58.954Z"}
{"level":"info","message":"Extracting test results from index_008.json","timestamp":"2025-04-29T22:40:58.956Z"}
{"level":"info","message":"Processing results array in index_008.json","resultCount":1,"timestamp":"2025-04-29T22:40:58.956Z"}
{"level":"info","message":"No direct tests in result 0 in index_008.json","timestamp":"2025-04-29T22:40:58.956Z"}
{"level":"info","message":"Processing suites in result 0 in index_008.json","suiteCount":1,"timestamp":"2025-04-29T22:40:58.956Z"}
{"level":"info","message":"Processing tests in suite 0.0 in index_008.json","testCount":1,"timestamp":"2025-04-29T22:40:58.957Z"}
{"level":"info","message":"Completed extracting test results from index_008.json","testCount":1,"timestamp":"2025-04-29T22:40:58.958Z"}
{"level":"info","message":"Extracted 1 test results from index_008.json","timestamp":"2025-04-29T22:40:58.958Z"}
{"level":"info","message":"Processing report: /Users/pierrekhouzam/Desktop/magento-cypress-automation/cypress/reports/index_009.json","timestamp":"2025-04-29T22:40:58.958Z"}
{"level":"info","message":"Reading file: /Users/pierrekhouzam/Desktop/magento-cypress-automation/cypress/reports/index_009.json","timestamp":"2025-04-29T22:40:58.958Z"}
{"level":"info","message":"Attempting to parse JSON from index_009.json","timestamp":"2025-04-29T22:40:58.962Z"}
{"level":"info","message":"Extracting test results from index_009.json","timestamp":"2025-04-29T22:40:58.969Z"}
{"level":"info","message":"Processing results array in index_009.json","resultCount":4,"timestamp":"2025-04-29T22:40:58.969Z"}
{"level":"info","message":"No direct tests in result 0 in index_009.json","timestamp":"2025-04-29T22:40:58.969Z"}
{"level":"info","message":"Processing suites in result 0 in index_009.json","suiteCount":1,"timestamp":"2025-04-29T22:40:58.969Z"}
{"level":"info","message":"Processing tests in suite 0.0 in index_009.json","testCount":1,"timestamp":"2025-04-29T22:40:58.969Z"}
{"level":"info","message":"No direct tests in result 1 in index_009.json","timestamp":"2025-04-29T22:40:58.970Z"}
{"level":"info","message":"Processing suites in result 1 in index_009.json","suiteCount":1,"timestamp":"2025-04-29T22:40:58.970Z"}
{"level":"info","message":"Processing tests in suite 1.0 in index_009.json","testCount":1,"timestamp":"2025-04-29T22:40:58.970Z"}
{"level":"info","message":"No direct tests in result 2 in index_009.json","timestamp":"2025-04-29T22:40:58.971Z"}
{"level":"info","message":"Processing suites in result 2 in index_009.json","suiteCount":1,"timestamp":"2025-04-29T22:40:58.971Z"}
{"level":"info","message":"Processing tests in suite 2.0 in index_009.json","testCount":1,"timestamp":"2025-04-29T22:40:58.971Z"}
{"level":"info","message":"No direct tests in result 3 in index_009.json","timestamp":"2025-04-29T22:40:58.972Z"}
{"level":"info","message":"Processing suites in result 3 in index_009.json","suiteCount":1,"timestamp":"2025-04-29T22:40:58.972Z"}
{"level":"info","message":"Processing tests in suite 3.0 in index_009.json","testCount":1,"timestamp":"2025-04-29T22:40:58.972Z"}
{"level":"info","message":"Completed extracting test results from index_009.json","testCount":4,"timestamp":"2025-04-29T22:40:58.974Z"}
{"level":"info","message":"Extracted 4 test results from index_009.json","timestamp":"2025-04-29T22:40:58.974Z"}
{"level":"info","message":"Processing report: /Users/pierrekhouzam/Desktop/magento-cypress-automation/cypress/reports/index_010.json","timestamp":"2025-04-29T22:40:58.974Z"}
{"level":"info","message":"Reading file: /Users/pierrekhouzam/Desktop/magento-cypress-automation/cypress/reports/index_010.json","timestamp":"2025-04-29T22:40:58.974Z"}
{"level":"info","message":"Attempting to parse JSON from index_010.json","timestamp":"2025-04-29T22:40:58.980Z"}
{"level":"info","message":"Extracting test results from index_010.json","timestamp":"2025-04-29T22:40:58.987Z"}
{"level":"info","message":"Processing results array in index_010.json","resultCount":4,"timestamp":"2025-04-29T22:40:58.987Z"}
{"level":"info","message":"No direct tests in result 0 in index_010.json","timestamp":"2025-04-29T22:40:58.987Z"}
{"level":"info","message":"Processing suites in result 0 in index_010.json","suiteCount":1,"timestamp":"2025-04-29T22:40:58.987Z"}
{"level":"info","message":"Processing tests in suite 0.0 in index_010.json","testCount":1,"timestamp":"2025-04-29T22:40:58.988Z"}
{"level":"info","message":"No direct tests in result 1 in index_010.json","timestamp":"2025-04-29T22:40:58.989Z"}
{"level":"info","message":"Processing suites in result 1 in index_010.json","suiteCount":1,"timestamp":"2025-04-29T22:40:58.989Z"}
{"level":"info","message":"Processing tests in suite 1.0 in index_010.json","testCount":1,"timestamp":"2025-04-29T22:40:58.989Z"}
{"level":"info","message":"No direct tests in result 2 in index_010.json","timestamp":"2025-04-29T22:40:58.991Z"}
{"level":"info","message":"Processing suites in result 2 in index_010.json","suiteCount":1,"timestamp":"2025-04-29T22:40:58.991Z"}
{"level":"info","message":"Processing tests in suite 2.0 in index_010.json","testCount":1,"timestamp":"2025-04-29T22:40:58.991Z"}
{"level":"info","message":"No direct tests in result 3 in index_010.json","timestamp":"2025-04-29T22:40:58.992Z"}
{"level":"info","message":"Processing suites in result 3 in index_010.json","suiteCount":1,"timestamp":"2025-04-29T22:40:58.992Z"}
{"level":"info","message":"Processing tests in suite 3.0 in index_010.json","testCount":1,"timestamp":"2025-04-29T22:40:58.992Z"}
{"level":"info","message":"Completed extracting test results from index_010.json","testCount":4,"timestamp":"2025-04-29T22:40:58.994Z"}
{"level":"info","message":"Extracted 4 test results from index_010.json","timestamp":"2025-04-29T22:40:58.994Z"}
{"level":"info","message":"Processing report: /Users/pierrekhouzam/Desktop/magento-cypress-automation/cypress/reports/index_011.json","timestamp":"2025-04-29T22:40:58.994Z"}
{"level":"info","message":"Reading file: /Users/pierrekhouzam/Desktop/magento-cypress-automation/cypress/reports/index_011.json","timestamp":"2025-04-29T22:40:58.994Z"}
{"level":"info","message":"Attempting to parse JSON from index_011.json","timestamp":"2025-04-29T22:40:59.000Z"}
{"level":"info","message":"Extracting test results from index_011.json","timestamp":"2025-04-29T22:40:59.007Z"}
{"level":"info","message":"Processing results array in index_011.json","resultCount":4,"timestamp":"2025-04-29T22:40:59.008Z"}
{"level":"info","message":"No direct tests in result 0 in index_011.json","timestamp":"2025-04-29T22:40:59.008Z"}
{"level":"info","message":"Processing suites in result 0 in index_011.json","suiteCount":1,"timestamp":"2025-04-29T22:40:59.008Z"}
{"level":"info","message":"Processing tests in suite 0.0 in index_011.json","testCount":1,"timestamp":"2025-04-29T22:40:59.008Z"}
{"level":"info","message":"No direct tests in result 1 in index_011.json","timestamp":"2025-04-29T22:40:59.009Z"}
{"level":"info","message":"Processing suites in result 1 in index_011.json","suiteCount":1,"timestamp":"2025-04-29T22:40:59.009Z"}
{"level":"info","message":"Processing tests in suite 1.0 in index_011.json","testCount":1,"timestamp":"2025-04-29T22:40:59.009Z"}
{"level":"info","message":"No direct tests in result 2 in index_011.json","timestamp":"2025-04-29T22:40:59.010Z"}
{"level":"info","message":"Processing suites in result 2 in index_011.json","suiteCount":1,"timestamp":"2025-04-29T22:40:59.011Z"}
{"level":"info","message":"Processing tests in suite 2.0 in index_011.json","testCount":1,"timestamp":"2025-04-29T22:40:59.011Z"}
{"level":"info","message":"No direct tests in result 3 in index_011.json","timestamp":"2025-04-29T22:40:59.011Z"}
{"level":"info","message":"Processing suites in result 3 in index_011.json","suiteCount":1,"timestamp":"2025-04-29T22:40:59.012Z"}
{"level":"info","message":"Processing tests in suite 3.0 in index_011.json","testCount":1,"timestamp":"2025-04-29T22:40:59.012Z"}
{"level":"info","message":"Completed extracting test results from index_011.json","testCount":4,"timestamp":"2025-04-29T22:40:59.012Z"}
{"level":"info","message":"Extracted 4 test results from index_011.json","timestamp":"2025-04-29T22:40:59.013Z"}
{"level":"info","message":"Test title \"Test Case A: Registration flow with login validation Should register a new user and validate login\" appears 12 times across JSON files","timestamp":"2025-04-29T22:40:59.013Z"}
{"level":"info","message":"Test title \"Test Case A: Registration flow with login validation Should allow user to log in with registered credentials\" appears 3 times across JSON files","timestamp":"2025-04-29T22:40:59.013Z"}
{"level":"info","message":"Test title \"Test Case B: Place order with multiple products and validate price Should register and add multiple products to cart then verify total price\" appears 5 times across JSON files","timestamp":"2025-04-29T22:40:59.013Z"}
{"level":"info","message":"Test title \"Test Case C: Wishlist and Checkout Should add products to wishlist and checkout from wishlist\" appears 5 times across JSON files","timestamp":"2025-04-29T22:40:59.013Z"}
{"level":"info","message":"Test title \"Test Case D: Search and Validate Results Should search for a valid product and validate results, then search invalid and validate empty results\" appears 5 times across JSON files","timestamp":"2025-04-29T22:40:59.013Z"}
{"level":"info","message":"Ensured DB directory exists: /Users/pierrekhouzam/Desktop/magento-cypress-automation/cypress/db","timestamp":"2025-04-29T22:40:59.014Z"}
{"level":"info","message":"Test history saved to /Users/pierrekhouzam/Desktop/magento-cypress-automation/cypress/db/test-history.json","testCount":5,"timestamp":"2025-04-29T22:40:59.015Z"}
{"level":"info","message":"Flaky test detection completed.","testsProcessed":30,"timestamp":"2025-04-29T22:40:59.016Z","uniqueTests":5}
{"level":"info","message":"Starting AI-powered flakiness analysis...","timestamp":"2025-04-29T22:40:59.016Z"}
{"level":"info","message":"Ensured DB directory exists: /Users/pierrekhouzam/Desktop/magento-cypress-automation/cypress/db","timestamp":"2025-04-29T22:40:59.016Z"}
{"level":"info","message":"Test history loaded from /Users/pierrekhouzam/Desktop/magento-cypress-automation/cypress/db/test-history.json","testCount":5,"timestamp":"2025-04-29T22:40:59.016Z"}
{"level":"info","message":"Training AI model with historical test data...","timestamp":"2025-04-29T22:40:59.017Z"}
{"file":"cypress/db/flaky-model.json","level":"info","message":"ML model loaded from","timestamp":"2025-04-29T22:40:59.018Z"}
{"level":"info","message":"Using cached ML model","timestamp":"2025-04-29T22:40:59.018Z"}
{"0":{"feature":"passRate","score":"0.00%"},"1":{"feature":"avgDuration","score":"0.00%"},"2":{"feature":"transitionRate","score":"0.00%"},"3":{"feature":"timingIssues","score":"0.00%"},"4":{"feature":"selectorIssues","score":"0.00%"},"5":{"feature":"networkIssues","score":"0.00%"},"6":{"feature":"dataIssues","score":"0.00%"},"7":{"feature":"durationVariability","score":"0.00%"},"8":{"feature":"recentFailRate","score":"0.00%"},"level":"info","message":"Feature Importance:","timestamp":"2025-04-29T22:40:59.018Z"}
{"level":"info","message":"Analyzing tests for flakiness","testCount":5,"timestamp":"2025-04-29T22:40:59.018Z"}
{"filePath":"cypress/reports/predictions/predictions-2025-04-29T22-40-59-019Z.json","level":"info","message":"Predictions saved","timestamp":"2025-04-29T22:40:59.020Z"}
{"level":"info","message":"Ensured DB directory exists: /Users/pierrekhouzam/Desktop/magento-cypress-automation/cypress/db","timestamp":"2025-04-29T22:41:08.923Z"}
{"level":"info","message":"Test history loaded from /Users/pierrekhouzam/Desktop/magento-cypress-automation/cypress/db/test-history.json","testCount":5,"timestamp":"2025-04-29T22:41:08.925Z"}
{"level":"info","message":"Starting flaky test detection...","timestamp":"2025-04-29T22:42:11.874Z"}
{"level":"info","message":"Verifying report directory: /Users/pierrekhouzam/Desktop/magento-cypress-automation/cypress/reports","timestamp":"2025-04-29T22:42:11.874Z"}
{"level":"info","message":"Scanning report directory: /Users/pierrekhouzam/Desktop/magento-cypress-automation/cypress/reports","timestamp":"2025-04-29T22:42:11.875Z"}
{"level":"info","message":"Found files in directory: flaky-tests-report.html, index.html, index.json, index_001.html, index_001.json, index_002.html, index_002.json, index_003.html, index_003.json, index_004.html, index_004.json, index_005.html, index_005.json, index_006.html, index_006.json, index_007.html, index_007.json, index_008.html, index_008.json, index_009.html, index_009.json, index_010.html, index_010.json, index_011.html, index_011.json, predictions","timestamp":"2025-04-29T22:42:11.875Z"}
{"level":"info","message":"Found JSON files: index.json, index_001.json, index_002.json, index_003.json, index_004.json, index_005.json, index_006.json, index_007.json, index_008.json, index_009.json, index_010.json, index_011.json","timestamp":"2025-04-29T22:42:11.876Z"}
{"level":"info","message":"Processing report: /Users/pierrekhouzam/Desktop/magento-cypress-automation/cypress/reports/index.json","timestamp":"2025-04-29T22:42:11.876Z"}
{"level":"info","message":"Reading file: /Users/pierrekhouzam/Desktop/magento-cypress-automation/cypress/reports/index.json","timestamp":"2025-04-29T22:42:11.876Z"}
{"level":"info","message":"Attempting to parse JSON from index.json","timestamp":"2025-04-29T22:42:11.880Z"}
{"level":"info","message":"Extracting test results from index.json","timestamp":"2025-04-29T22:42:11.886Z"}
{"level":"info","message":"Processing results array in index.json","resultCount":1,"timestamp":"2025-04-29T22:42:11.886Z"}
{"level":"info","message":"No direct tests in result 0 in index.json","timestamp":"2025-04-29T22:42:11.886Z"}
{"level":"info","message":"Processing suites in result 0 in index.json","suiteCount":1,"timestamp":"2025-04-29T22:42:11.886Z"}
{"level":"info","message":"Processing tests in suite 0.0 in index.json","testCount":2,"timestamp":"2025-04-29T22:42:11.887Z"}
{"level":"info","message":"Completed extracting test results from index.json","testCount":2,"timestamp":"2025-04-29T22:42:11.890Z"}
{"level":"info","message":"Extracted 2 test results from index.json","timestamp":"2025-04-29T22:42:11.890Z"}
{"level":"info","message":"Processing report: /Users/pierrekhouzam/Desktop/magento-cypress-automation/cypress/reports/index_001.json","timestamp":"2025-04-29T22:42:11.890Z"}
{"level":"info","message":"Reading file: /Users/pierrekhouzam/Desktop/magento-cypress-automation/cypress/reports/index_001.json","timestamp":"2025-04-29T22:42:11.890Z"}
{"level":"info","message":"Attempting to parse JSON from index_001.json","timestamp":"2025-04-29T22:42:11.893Z"}
{"level":"info","message":"Extracting test results from index_001.json","timestamp":"2025-04-29T22:42:11.897Z"}
{"level":"info","message":"Processing results array in index_001.json","resultCount":1,"timestamp":"2025-04-29T22:42:11.897Z"}
{"level":"info","message":"No direct tests in result 0 in index_001.json","timestamp":"2025-04-29T22:42:11.897Z"}
{"level":"info","message":"Processing suites in result 0 in index_001.json","suiteCount":1,"timestamp":"2025-04-29T22:42:11.897Z"}
{"level":"info","message":"Processing tests in suite 0.0 in index_001.json","testCount":2,"timestamp":"2025-04-29T22:42:11.897Z"}
{"level":"info","message":"Completed extracting test results from index_001.json","testCount":2,"timestamp":"2025-04-29T22:42:11.902Z"}
{"level":"info","message":"Extracted 2 test results from index_001.json","timestamp":"2025-04-29T22:42:11.902Z"}
{"level":"info","message":"Processing report: /Users/pierrekhouzam/Desktop/magento-cypress-automation/cypress/reports/index_002.json","timestamp":"2025-04-29T22:42:11.902Z"}
{"level":"info","message":"Reading file: /Users/pierrekhouzam/Desktop/magento-cypress-automation/cypress/reports/index_002.json","timestamp":"2025-04-29T22:42:11.902Z"}
{"level":"info","message":"Attempting to parse JSON from index_002.json","timestamp":"2025-04-29T22:42:11.906Z"}
{"level":"info","message":"Extracting test results from index_002.json","timestamp":"2025-04-29T22:42:11.911Z"}
{"level":"info","message":"Processing results array in index_002.json","resultCount":1,"timestamp":"2025-04-29T22:42:11.911Z"}
{"level":"info","message":"No direct tests in result 0 in index_002.json","timestamp":"2025-04-29T22:42:11.911Z"}
{"level":"info","message":"Processing suites in result 0 in index_002.json","suiteCount":1,"timestamp":"2025-04-29T22:42:11.911Z"}
{"level":"info","message":"Processing tests in suite 0.0 in index_002.json","testCount":2,"timestamp":"2025-04-29T22:42:11.911Z"}
{"level":"info","message":"Completed extracting test results from index_002.json","testCount":2,"timestamp":"2025-04-29T22:42:11.914Z"}
{"level":"info","message":"Extracted 2 test results from index_002.json","timestamp":"2025-04-29T22:42:11.914Z"}
{"level":"info","message":"Processing report: /Users/pierrekhouzam/Desktop/magento-cypress-automation/cypress/reports/index_003.json","timestamp":"2025-04-29T22:42:11.914Z"}
{"level":"info","message":"Reading file: /Users/pierrekhouzam/Desktop/magento-cypress-automation/cypress/reports/index_003.json","timestamp":"2025-04-29T22:42:11.914Z"}
{"level":"info","message":"Attempting to parse JSON from index_003.json","timestamp":"2025-04-29T22:42:11.915Z"}
{"level":"info","message":"Extracting test results from index_003.json","timestamp":"2025-04-29T22:42:11.918Z"}
{"level":"info","message":"Processing results array in index_003.json","resultCount":1,"timestamp":"2025-04-29T22:42:11.918Z"}
{"level":"info","message":"No direct tests in result 0 in index_003.json","timestamp":"2025-04-29T22:42:11.918Z"}
{"level":"info","message":"Processing suites in result 0 in index_003.json","suiteCount":1,"timestamp":"2025-04-29T22:42:11.918Z"}
{"level":"info","message":"Processing tests in suite 0.0 in index_003.json","testCount":1,"timestamp":"2025-04-29T22:42:11.918Z"}
{"level":"info","message":"Completed extracting test results from index_003.json","testCount":1,"timestamp":"2025-04-29T22:42:11.919Z"}
{"level":"info","message":"Extracted 1 test results from index_003.json","timestamp":"2025-04-29T22:42:11.920Z"}
{"level":"info","message":"Processing report: /Users/pierrekhouzam/Desktop/magento-cypress-automation/cypress/reports/index_004.json","timestamp":"2025-04-29T22:42:11.920Z"}
{"level":"info","message":"Reading file: /Users/pierrekhouzam/Desktop/magento-cypress-automation/cypress/reports/index_004.json","timestamp":"2025-04-29T22:42:11.920Z"}
{"level":"info","message":"Attempting to parse JSON from index_004.json","timestamp":"2025-04-29T22:42:11.922Z"}
{"level":"info","message":"Extracting test results from index_004.json","timestamp":"2025-04-29T22:42:11.925Z"}
{"level":"info","message":"Processing results array in index_004.json","resultCount":1,"timestamp":"2025-04-29T22:42:11.926Z"}
{"level":"info","message":"No direct tests in result 0 in index_004.json","timestamp":"2025-04-29T22:42:11.926Z"}
{"level":"info","message":"Processing suites in result 0 in index_004.json","suiteCount":1,"timestamp":"2025-04-29T22:42:11.926Z"}
{"level":"info","message":"Processing tests in suite 0.0 in index_004.json","testCount":1,"timestamp":"2025-04-29T22:42:11.926Z"}
{"level":"info","message":"Completed extracting test results from index_004.json","testCount":1,"timestamp":"2025-04-29T22:42:11.927Z"}
{"level":"info","message":"Extracted 1 test results from index_004.json","timestamp":"2025-04-29T22:42:11.927Z"}
{"level":"info","message":"Processing report: /Users/pierrekhouzam/Desktop/magento-cypress-automation/cypress/reports/index_005.json","timestamp":"2025-04-29T22:42:11.927Z"}
{"level":"info","message":"Reading file: /Users/pierrekhouzam/Desktop/magento-cypress-automation/cypress/reports/index_005.json","timestamp":"2025-04-29T22:42:11.927Z"}
{"level":"info","message":"Attempting to parse JSON from index_005.json","timestamp":"2025-04-29T22:42:11.933Z"}
{"level":"info","message":"Extracting test results from index_005.json","timestamp":"2025-04-29T22:42:11.941Z"}
{"level":"info","message":"Processing results array in index_005.json","resultCount":4,"timestamp":"2025-04-29T22:42:11.942Z"}
{"level":"info","message":"No direct tests in result 0 in index_005.json","timestamp":"2025-04-29T22:42:11.942Z"}
{"level":"info","message":"Processing suites in result 0 in index_005.json","suiteCount":1,"timestamp":"2025-04-29T22:42:11.942Z"}
{"level":"info","message":"Processing tests in suite 0.0 in index_005.json","testCount":1,"timestamp":"2025-04-29T22:42:11.942Z"}
{"level":"info","message":"No direct tests in result 1 in index_005.json","timestamp":"2025-04-29T22:42:11.943Z"}
{"level":"info","message":"Processing suites in result 1 in index_005.json","suiteCount":1,"timestamp":"2025-04-29T22:42:11.943Z"}
{"level":"info","message":"Processing tests in suite 1.0 in index_005.json","testCount":1,"timestamp":"2025-04-29T22:42:11.943Z"}
{"level":"info","message":"No direct tests in result 2 in index_005.json","timestamp":"2025-04-29T22:42:11.944Z"}
{"level":"info","message":"Processing suites in result 2 in index_005.json","suiteCount":1,"timestamp":"2025-04-29T22:42:11.944Z"}
{"level":"info","message":"Processing tests in suite 2.0 in index_005.json","testCount":1,"timestamp":"2025-04-29T22:42:11.944Z"}
{"level":"info","message":"No direct tests in result 3 in index_005.json","timestamp":"2025-04-29T22:42:11.945Z"}
{"level":"info","message":"Processing suites in result 3 in index_005.json","suiteCount":1,"timestamp":"2025-04-29T22:42:11.945Z"}
{"level":"info","message":"Processing tests in suite 3.0 in index_005.json","testCount":1,"timestamp":"2025-04-29T22:42:11.945Z"}
{"level":"info","message":"Completed extracting test results from index_005.json","testCount":4,"timestamp":"2025-04-29T22:42:11.946Z"}
{"level":"info","message":"Extracted 4 test results from index_005.json","timestamp":"2025-04-29T22:42:11.946Z"}
{"level":"info","message":"Processing report: /Users/pierrekhouzam/Desktop/magento-cypress-automation/cypress/reports/index_006.json","timestamp":"2025-04-29T22:42:11.946Z"}
{"level":"info","message":"Reading file: /Users/pierrekhouzam/Desktop/magento-cypress-automation/cypress/reports/index_006.json","timestamp":"2025-04-29T22:42:11.946Z"}
{"level":"info","message":"Attempting to parse JSON from index_006.json","timestamp":"2025-04-29T22:42:11.956Z"}
{"level":"info","message":"Extracting test results from index_006.json","timestamp":"2025-04-29T22:42:11.964Z"}
{"level":"info","message":"Processing results array in index_006.json","resultCount":4,"timestamp":"2025-04-29T22:42:11.964Z"}
{"level":"info","message":"No direct tests in result 0 in index_006.json","timestamp":"2025-04-29T22:42:11.964Z"}
{"level":"info","message":"Processing suites in result 0 in index_006.json","suiteCount":1,"timestamp":"2025-04-29T22:42:11.964Z"}
{"level":"info","message":"Processing tests in suite 0.0 in index_006.json","testCount":1,"timestamp":"2025-04-29T22:42:11.964Z"}
{"level":"info","message":"No direct tests in result 1 in index_006.json","timestamp":"2025-04-29T22:42:11.965Z"}
{"level":"info","message":"Processing suites in result 1 in index_006.json","suiteCount":1,"timestamp":"2025-04-29T22:42:11.965Z"}
{"level":"info","message":"Processing tests in suite 1.0 in index_006.json","testCount":1,"timestamp":"2025-04-29T22:42:11.965Z"}
{"level":"info","message":"No direct tests in result 2 in index_006.json","timestamp":"2025-04-29T22:42:11.966Z"}
{"level":"info","message":"Processing suites in result 2 in index_006.json","suiteCount":1,"timestamp":"2025-04-29T22:42:11.966Z"}
{"level":"info","message":"Processing tests in suite 2.0 in index_006.json","testCount":1,"timestamp":"2025-04-29T22:42:11.966Z"}
{"level":"info","message":"No direct tests in result 3 in index_006.json","timestamp":"2025-04-29T22:42:11.967Z"}
{"level":"info","message":"Processing suites in result 3 in index_006.json","suiteCount":1,"timestamp":"2025-04-29T22:42:11.968Z"}
{"level":"info","message":"Processing tests in suite 3.0 in index_006.json","testCount":1,"timestamp":"2025-04-29T22:42:11.968Z"}
{"level":"info","message":"Completed extracting test results from index_006.json","testCount":4,"timestamp":"2025-04-29T22:42:11.969Z"}
{"level":"info","message":"Extracted 4 test results from index_006.json","timestamp":"2025-04-29T22:42:11.969Z"}
{"level":"info","message":"Processing report: /Users/pierrekhouzam/Desktop/magento-cypress-automation/cypress/reports/index_007.json","timestamp":"2025-04-29T22:42:11.969Z"}
{"level":"info","message":"Reading file: /Users/pierrekhouzam/Desktop/magento-cypress-automation/cypress/reports/index_007.json","timestamp":"2025-04-29T22:42:11.969Z"}
{"level":"info","message":"Attempting to parse JSON from index_007.json","timestamp":"2025-04-29T22:42:11.971Z"}
{"level":"info","message":"Extracting test results from index_007.json","timestamp":"2025-04-29T22:42:11.973Z"}
{"level":"info","message":"Processing results array in index_007.json","resultCount":1,"timestamp":"2025-04-29T22:42:11.973Z"}
{"level":"info","message":"No direct tests in result 0 in index_007.json","timestamp":"2025-04-29T22:42:11.973Z"}
{"level":"info","message":"Processing suites in result 0 in index_007.json","suiteCount":1,"timestamp":"2025-04-29T22:42:11.973Z"}
{"level":"info","message":"Processing tests in suite 0.0 in index_007.json","testCount":1,"timestamp":"2025-04-29T22:42:11.973Z"}
{"level":"info","message":"Completed extracting test results from index_007.json","testCount":1,"timestamp":"2025-04-29T22:42:11.975Z"}
{"level":"info","message":"Extracted 1 test results from index_007.json","timestamp":"2025-04-29T22:42:11.975Z"}
{"level":"info","message":"Processing report: /Users/pierrekhouzam/Desktop/magento-cypress-automation/cypress/reports/index_008.json","timestamp":"2025-04-29T22:42:11.975Z"}
{"level":"info","message":"Reading file: /Users/pierrekhouzam/Desktop/magento-cypress-automation/cypress/reports/index_008.json","timestamp":"2025-04-29T22:42:11.975Z"}
{"level":"info","message":"Attempting to parse JSON from index_008.json","timestamp":"2025-04-29T22:42:11.976Z"}
{"level":"info","message":"Extracting test results from index_008.json","timestamp":"2025-04-29T22:42:11.978Z"}
{"level":"info","message":"Processing results array in index_008.json","resultCount":1,"timestamp":"2025-04-29T22:42:11.978Z"}
{"level":"info","message":"No direct tests in result 0 in index_008.json","timestamp":"2025-04-29T22:42:11.978Z"}
{"level":"info","message":"Processing suites in result 0 in index_008.json","suiteCount":1,"timestamp":"2025-04-29T22:42:11.978Z"}
{"level":"info","message":"Processing tests in suite 0.0 in index_008.json","testCount":1,"timestamp":"2025-04-29T22:42:11.978Z"}
{"level":"info","message":"Completed extracting test results from index_008.json","testCount":1,"timestamp":"2025-04-29T22:42:11.979Z"}
{"level":"info","message":"Extracted 1 test results from index_008.json","timestamp":"2025-04-29T22:42:11.979Z"}
{"level":"info","message":"Processing report: /Users/pierrekhouzam/Desktop/magento-cypress-automation/cypress/reports/index_009.json","timestamp":"2025-04-29T22:42:11.979Z"}
{"level":"info","message":"Reading file: /Users/pierrekhouzam/Desktop/magento-cypress-automation/cypress/reports/index_009.json","timestamp":"2025-04-29T22:42:11.979Z"}
{"level":"info","message":"Attempting to parse JSON from index_009.json","timestamp":"2025-04-29T22:42:11.983Z"}
{"level":"info","message":"Extracting test results from index_009.json","timestamp":"2025-04-29T22:42:11.992Z"}
{"level":"info","message":"Processing results array in index_009.json","resultCount":4,"timestamp":"2025-04-29T22:42:11.992Z"}
{"level":"info","message":"No direct tests in result 0 in index_009.json","timestamp":"2025-04-29T22:42:11.992Z"}
{"level":"info","message":"Processing suites in result 0 in index_009.json","suiteCount":1,"timestamp":"2025-04-29T22:42:11.992Z"}
{"level":"info","message":"Processing tests in suite 0.0 in index_009.json","testCount":1,"timestamp":"2025-04-29T22:42:11.992Z"}
{"level":"info","message":"No direct tests in result 1 in index_009.json","timestamp":"2025-04-29T22:42:11.993Z"}
{"level":"info","message":"Processing suites in result 1 in index_009.json","suiteCount":1,"timestamp":"2025-04-29T22:42:11.993Z"}
{"level":"info","message":"Processing tests in suite 1.0 in index_009.json","testCount":1,"timestamp":"2025-04-29T22:42:11.993Z"}
{"level":"info","message":"No direct tests in result 2 in index_009.json","timestamp":"2025-04-29T22:42:11.994Z"}
{"level":"info","message":"Processing suites in result 2 in index_009.json","suiteCount":1,"timestamp":"2025-04-29T22:42:11.994Z"}
{"level":"info","message":"Processing tests in suite 2.0 in index_009.json","testCount":1,"timestamp":"2025-04-29T22:42:11.994Z"}
{"level":"info","message":"No direct tests in result 3 in index_009.json","timestamp":"2025-04-29T22:42:11.995Z"}
{"level":"info","message":"Processing suites in result 3 in index_009.json","suiteCount":1,"timestamp":"2025-04-29T22:42:11.995Z"}
{"level":"info","message":"Processing tests in suite 3.0 in index_009.json","testCount":1,"timestamp":"2025-04-29T22:42:11.995Z"}
{"level":"info","message":"Completed extracting test results from index_009.json","testCount":4,"timestamp":"2025-04-29T22:42:11.996Z"}
{"level":"info","message":"Extracted 4 test results from index_009.json","timestamp":"2025-04-29T22:42:11.996Z"}
{"level":"info","message":"Processing report: /Users/pierrekhouzam/Desktop/magento-cypress-automation/cypress/reports/index_010.json","timestamp":"2025-04-29T22:42:11.996Z"}
{"level":"info","message":"Reading file: /Users/pierrekhouzam/Desktop/magento-cypress-automation/cypress/reports/index_010.json","timestamp":"2025-04-29T22:42:11.996Z"}
{"level":"info","message":"Attempting to parse JSON from index_010.json","timestamp":"2025-04-29T22:42:12.004Z"}
{"level":"info","message":"Extracting test results from index_010.json","timestamp":"2025-04-29T22:42:12.011Z"}
{"level":"info","message":"Processing results array in index_010.json","resultCount":4,"timestamp":"2025-04-29T22:42:12.011Z"}
{"level":"info","message":"No direct tests in result 0 in index_010.json","timestamp":"2025-04-29T22:42:12.011Z"}
{"level":"info","message":"Processing suites in result 0 in index_010.json","suiteCount":1,"timestamp":"2025-04-29T22:42:12.011Z"}
{"level":"info","message":"Processing tests in suite 0.0 in index_010.json","testCount":1,"timestamp":"2025-04-29T22:42:12.011Z"}
{"level":"info","message":"No direct tests in result 1 in index_010.json","timestamp":"2025-04-29T22:42:12.012Z"}
{"level":"info","message":"Processing suites in result 1 in index_010.json","suiteCount":1,"timestamp":"2025-04-29T22:42:12.012Z"}
{"level":"info","message":"Processing tests in suite 1.0 in index_010.json","testCount":1,"timestamp":"2025-04-29T22:42:12.012Z"}
{"level":"info","message":"No direct tests in result 2 in index_010.json","timestamp":"2025-04-29T22:42:12.013Z"}
{"level":"info","message":"Processing suites in result 2 in index_010.json","suiteCount":1,"timestamp":"2025-04-29T22:42:12.013Z"}
{"level":"info","message":"Processing tests in suite 2.0 in index_010.json","testCount":1,"timestamp":"2025-04-29T22:42:12.013Z"}
{"level":"info","message":"No direct tests in result 3 in index_010.json","timestamp":"2025-04-29T22:42:12.014Z"}
{"level":"info","message":"Processing suites in result 3 in index_010.json","suiteCount":1,"timestamp":"2025-04-29T22:42:12.014Z"}
{"level":"info","message":"Processing tests in suite 3.0 in index_010.json","testCount":1,"timestamp":"2025-04-29T22:42:12.014Z"}
{"level":"info","message":"Completed extracting test results from index_010.json","testCount":4,"timestamp":"2025-04-29T22:42:12.015Z"}
{"level":"info","message":"Extracted 4 test results from index_010.json","timestamp":"2025-04-29T22:42:12.015Z"}
{"level":"info","message":"Processing report: /Users/pierrekhouzam/Desktop/magento-cypress-automation/cypress/reports/index_011.json","timestamp":"2025-04-29T22:42:12.015Z"}
{"level":"info","message":"Reading file: /Users/pierrekhouzam/Desktop/magento-cypress-automation/cypress/reports/index_011.json","timestamp":"2025-04-29T22:42:12.015Z"}
{"level":"info","message":"Attempting to parse JSON from index_011.json","timestamp":"2025-04-29T22:42:12.020Z"}
{"level":"info","message":"Extracting test results from index_011.json","timestamp":"2025-04-29T22:42:12.027Z"}
{"level":"info","message":"Processing results array in index_011.json","resultCount":4,"timestamp":"2025-04-29T22:42:12.027Z"}
{"level":"info","message":"No direct tests in result 0 in index_011.json","timestamp":"2025-04-29T22:42:12.027Z"}
{"level":"info","message":"Processing suites in result 0 in index_011.json","suiteCount":1,"timestamp":"2025-04-29T22:42:12.027Z"}
{"level":"info","message":"Processing tests in suite 0.0 in index_011.json","testCount":1,"timestamp":"2025-04-29T22:42:12.027Z"}
{"level":"info","message":"No direct tests in result 1 in index_011.json","timestamp":"2025-04-29T22:42:12.029Z"}
{"level":"info","message":"Processing suites in result 1 in index_011.json","suiteCount":1,"timestamp":"2025-04-29T22:42:12.029Z"}
{"level":"info","message":"Processing tests in suite 1.0 in index_011.json","testCount":1,"timestamp":"2025-04-29T22:42:12.029Z"}
{"level":"info","message":"No direct tests in result 2 in index_011.json","timestamp":"2025-04-29T22:42:12.030Z"}
{"level":"info","message":"Processing suites in result 2 in index_011.json","suiteCount":1,"timestamp":"2025-04-29T22:42:12.030Z"}
{"level":"info","message":"Processing tests in suite 2.0 in index_011.json","testCount":1,"timestamp":"2025-04-29T22:42:12.030Z"}
{"level":"info","message":"No direct tests in result 3 in index_011.json","timestamp":"2025-04-29T22:42:12.031Z"}
{"level":"info","message":"Processing suites in result 3 in index_011.json","suiteCount":1,"timestamp":"2025-04-29T22:42:12.031Z"}
{"level":"info","message":"Processing tests in suite 3.0 in index_011.json","testCount":1,"timestamp":"2025-04-29T22:42:12.031Z"}
{"level":"info","message":"Completed extracting test results from index_011.json","testCount":4,"timestamp":"2025-04-29T22:42:12.032Z"}
{"level":"info","message":"Extracted 4 test results from index_011.json","timestamp":"2025-04-29T22:42:12.032Z"}
{"level":"info","message":"Test title \"Test Case A: Registration flow with login validation Should register a new user and validate login\" appears 12 times across JSON files","timestamp":"2025-04-29T22:42:12.032Z"}
{"level":"info","message":"Test title \"Test Case A: Registration flow with login validation Should allow user to log in with registered credentials\" appears 3 times across JSON files","timestamp":"2025-04-29T22:42:12.032Z"}
{"level":"info","message":"Test title \"Test Case B: Place order with multiple products and validate price Should register and add multiple products to cart then verify total price\" appears 5 times across JSON files","timestamp":"2025-04-29T22:42:12.032Z"}
{"level":"info","message":"Test title \"Test Case C: Wishlist and Checkout Should add products to wishlist and checkout from wishlist\" appears 5 times across JSON files","timestamp":"2025-04-29T22:42:12.032Z"}
{"level":"info","message":"Test title \"Test Case D: Search and Validate Results Should search for a valid product and validate results, then search invalid and validate empty results\" appears 5 times across JSON files","timestamp":"2025-04-29T22:42:12.032Z"}
{"level":"info","message":"Ensured DB directory exists: /Users/pierrekhouzam/Desktop/magento-cypress-automation/cypress/db","timestamp":"2025-04-29T22:42:12.033Z"}
{"level":"info","message":"Test history saved to /Users/pierrekhouzam/Desktop/magento-cypress-automation/cypress/db/test-history.json","testCount":5,"timestamp":"2025-04-29T22:42:12.034Z"}
{"level":"info","message":"Flaky test detection completed.","testsProcessed":30,"timestamp":"2025-04-29T22:42:12.035Z","uniqueTests":5}
{"level":"info","message":"Starting AI-powered flakiness analysis...","timestamp":"2025-04-29T22:42:12.035Z"}
{"level":"info","message":"Ensured DB directory exists: /Users/pierrekhouzam/Desktop/magento-cypress-automation/cypress/db","timestamp":"2025-04-29T22:42:12.036Z"}
{"level":"info","message":"Test history loaded from /Users/pierrekhouzam/Desktop/magento-cypress-automation/cypress/db/test-history.json","testCount":5,"timestamp":"2025-04-29T22:42:12.036Z"}
{"level":"info","message":"Training AI model with historical test data...","timestamp":"2025-04-29T22:42:12.036Z"}
{"file":"cypress/db/flaky-model.json","level":"info","message":"ML model loaded from","timestamp":"2025-04-29T22:42:12.037Z"}
{"level":"info","message":"Using cached ML model","timestamp":"2025-04-29T22:42:12.038Z"}
{"0":{"feature":"passRate","score":"0.00%"},"1":{"feature":"avgDuration","score":"0.00%"},"2":{"feature":"transitionRate","score":"0.00%"},"3":{"feature":"timingIssues","score":"0.00%"},"4":{"feature":"selectorIssues","score":"0.00%"},"5":{"feature":"networkIssues","score":"0.00%"},"6":{"feature":"dataIssues","score":"0.00%"},"7":{"feature":"durationVariability","score":"0.00%"},"8":{"feature":"recentFailRate","score":"0.00%"},"level":"info","message":"Feature Importance:","timestamp":"2025-04-29T22:42:12.038Z"}
{"level":"info","message":"Analyzing tests for flakiness","testCount":5,"timestamp":"2025-04-29T22:42:12.038Z"}
{"filePath":"cypress/reports/predictions/predictions-2025-04-29T22-42-12-040Z.json","level":"info","message":"Predictions saved","timestamp":"2025-04-29T22:42:12.041Z"}
{"level":"info","message":"Starting flaky test detection...","timestamp":"2025-04-29T23:03:37.833Z"}
{"level":"info","message":"Verifying report directory: /Users/pierrekhouzam/Desktop/magento-cypress-automation/cypress/reports","timestamp":"2025-04-29T23:03:37.841Z"}
{"level":"info","message":"Scanning report directory: /Users/pierrekhouzam/Desktop/magento-cypress-automation/cypress/reports","timestamp":"2025-04-29T23:03:37.843Z"}
{"level":"info","message":"Found files in directory: .jsons, flaky-tests-report.html, index.html, index.json, index_001.html, index_001.json, index_002.html, index_002.json, index_003.html, index_003.json, index_004.html, index_004.json, index_005.html, index_005.json, index_006.html, index_006.json, index_007.html, index_007.json, index_008.html, index_008.json, index_009.html, index_009.json, index_010.html, index_010.json, index_011.html, index_011.json, predictions","timestamp":"2025-04-29T23:03:37.845Z"}
{"level":"info","message":"Found JSON files: index.json, index_001.json, index_002.json, index_003.json, index_004.json, index_005.json, index_006.json, index_007.json, index_008.json, index_009.json, index_010.json, index_011.json","timestamp":"2025-04-29T23:03:37.845Z"}
{"level":"info","message":"Processing report: /Users/pierrekhouzam/Desktop/magento-cypress-automation/cypress/reports/index.json","timestamp":"2025-04-29T23:03:37.846Z"}
{"level":"info","message":"Reading file: /Users/pierrekhouzam/Desktop/magento-cypress-automation/cypress/reports/index.json","timestamp":"2025-04-29T23:03:37.846Z"}
{"level":"info","message":"Attempting to parse JSON from index.json","timestamp":"2025-04-29T23:03:37.853Z"}
{"level":"info","message":"Extracting test results from index.json","timestamp":"2025-04-29T23:03:37.858Z"}
{"level":"info","message":"Processing results array in index.json","resultCount":1,"timestamp":"2025-04-29T23:03:37.859Z"}
{"level":"info","message":"No direct tests in result 0 in index.json","timestamp":"2025-04-29T23:03:37.860Z"}
{"level":"info","message":"Processing suites in result 0 in index.json","suiteCount":1,"timestamp":"2025-04-29T23:03:37.861Z"}
{"level":"info","message":"Processing tests in suite 0.0 in index.json","testCount":2,"timestamp":"2025-04-29T23:03:37.861Z"}
{"level":"info","message":"Completed extracting test results from index.json","testCount":2,"timestamp":"2025-04-29T23:03:37.863Z"}
{"level":"info","message":"Extracted 2 test results from index.json","timestamp":"2025-04-29T23:03:37.864Z"}
{"level":"info","message":"Processing report: /Users/pierrekhouzam/Desktop/magento-cypress-automation/cypress/reports/index_001.json","timestamp":"2025-04-29T23:03:37.864Z"}
{"level":"info","message":"Reading file: /Users/pierrekhouzam/Desktop/magento-cypress-automation/cypress/reports/index_001.json","timestamp":"2025-04-29T23:03:37.864Z"}
{"level":"info","message":"Attempting to parse JSON from index_001.json","timestamp":"2025-04-29T23:03:37.869Z"}
{"level":"info","message":"Extracting test results from index_001.json","timestamp":"2025-04-29T23:03:37.873Z"}
{"level":"info","message":"Processing results array in index_001.json","resultCount":1,"timestamp":"2025-04-29T23:03:37.874Z"}
{"level":"info","message":"No direct tests in result 0 in index_001.json","timestamp":"2025-04-29T23:03:37.874Z"}
{"level":"info","message":"Processing suites in result 0 in index_001.json","suiteCount":1,"timestamp":"2025-04-29T23:03:37.875Z"}
{"level":"info","message":"Processing tests in suite 0.0 in index_001.json","testCount":2,"timestamp":"2025-04-29T23:03:37.875Z"}
{"level":"info","message":"Completed extracting test results from index_001.json","testCount":2,"timestamp":"2025-04-29T23:03:37.880Z"}
{"level":"info","message":"Extracted 2 test results from index_001.json","timestamp":"2025-04-29T23:03:37.880Z"}
{"level":"info","message":"Processing report: /Users/pierrekhouzam/Desktop/magento-cypress-automation/cypress/reports/index_002.json","timestamp":"2025-04-29T23:03:37.881Z"}
{"level":"info","message":"Reading file: /Users/pierrekhouzam/Desktop/magento-cypress-automation/cypress/reports/index_002.json","timestamp":"2025-04-29T23:03:37.881Z"}
{"level":"info","message":"Attempting to parse JSON from index_002.json","timestamp":"2025-04-29T23:03:37.889Z"}
{"level":"info","message":"Extracting test results from index_002.json","timestamp":"2025-04-29T23:03:37.894Z"}
{"level":"info","message":"Processing results array in index_002.json","resultCount":1,"timestamp":"2025-04-29T23:03:37.895Z"}
{"level":"info","message":"No direct tests in result 0 in index_002.json","timestamp":"2025-04-29T23:03:37.896Z"}
{"level":"info","message":"Processing suites in result 0 in index_002.json","suiteCount":1,"timestamp":"2025-04-29T23:03:37.896Z"}
{"level":"info","message":"Processing tests in suite 0.0 in index_002.json","testCount":2,"timestamp":"2025-04-29T23:03:37.896Z"}
{"level":"info","message":"Completed extracting test results from index_002.json","testCount":2,"timestamp":"2025-04-29T23:03:37.899Z"}
{"level":"info","message":"Extracted 2 test results from index_002.json","timestamp":"2025-04-29T23:03:37.899Z"}
{"level":"info","message":"Processing report: /Users/pierrekhouzam/Desktop/magento-cypress-automation/cypress/reports/index_003.json","timestamp":"2025-04-29T23:03:37.899Z"}
{"level":"info","message":"Reading file: /Users/pierrekhouzam/Desktop/magento-cypress-automation/cypress/reports/index_003.json","timestamp":"2025-04-29T23:03:37.899Z"}
{"level":"info","message":"Attempting to parse JSON from index_003.json","timestamp":"2025-04-29T23:03:37.904Z"}
{"level":"info","message":"Extracting test results from index_003.json","timestamp":"2025-04-29T23:03:37.907Z"}
{"level":"info","message":"Processing results array in index_003.json","resultCount":1,"timestamp":"2025-04-29T23:03:37.907Z"}
{"level":"info","message":"No direct tests in result 0 in index_003.json","timestamp":"2025-04-29T23:03:37.907Z"}
{"level":"info","message":"Processing suites in result 0 in index_003.json","suiteCount":1,"timestamp":"2025-04-29T23:03:37.907Z"}
{"level":"info","message":"Processing tests in suite 0.0 in index_003.json","testCount":1,"timestamp":"2025-04-29T23:03:37.908Z"}
{"level":"info","message":"Completed extracting test results from index_003.json","testCount":1,"timestamp":"2025-04-29T23:03:37.910Z"}
{"level":"info","message":"Extracted 1 test results from index_003.json","timestamp":"2025-04-29T23:03:37.910Z"}
{"level":"info","message":"Processing report: /Users/pierrekhouzam/Desktop/magento-cypress-automation/cypress/reports/index_004.json","timestamp":"2025-04-29T23:03:37.910Z"}
{"level":"info","message":"Reading file: /Users/pierrekhouzam/Desktop/magento-cypress-automation/cypress/reports/index_004.json","timestamp":"2025-04-29T23:03:37.910Z"}
{"level":"info","message":"Attempting to parse JSON from index_004.json","timestamp":"2025-04-29T23:03:37.916Z"}
{"level":"info","message":"Extracting test results from index_004.json","timestamp":"2025-04-29T23:03:37.918Z"}
{"level":"info","message":"Processing results array in index_004.json","resultCount":1,"timestamp":"2025-04-29T23:03:37.918Z"}
{"level":"info","message":"No direct tests in result 0 in index_004.json","timestamp":"2025-04-29T23:03:37.918Z"}
{"level":"info","message":"Processing suites in result 0 in index_004.json","suiteCount":1,"timestamp":"2025-04-29T23:03:37.918Z"}
{"level":"info","message":"Processing tests in suite 0.0 in index_004.json","testCount":1,"timestamp":"2025-04-29T23:03:37.919Z"}
{"level":"info","message":"Completed extracting test results from index_004.json","testCount":1,"timestamp":"2025-04-29T23:03:37.920Z"}
{"level":"info","message":"Extracted 1 test results from index_004.json","timestamp":"2025-04-29T23:03:37.920Z"}
{"level":"info","message":"Processing report: /Users/pierrekhouzam/Desktop/magento-cypress-automation/cypress/reports/index_005.json","timestamp":"2025-04-29T23:03:37.920Z"}
{"level":"info","message":"Reading file: /Users/pierrekhouzam/Desktop/magento-cypress-automation/cypress/reports/index_005.json","timestamp":"2025-04-29T23:03:37.920Z"}
{"level":"info","message":"Attempting to parse JSON from index_005.json","timestamp":"2025-04-29T23:03:37.928Z"}
{"level":"info","message":"Extracting test results from index_005.json","timestamp":"2025-04-29T23:03:37.937Z"}
{"level":"info","message":"Processing results array in index_005.json","resultCount":4,"timestamp":"2025-04-29T23:03:37.937Z"}
{"level":"info","message":"No direct tests in result 0 in index_005.json","timestamp":"2025-04-29T23:03:37.938Z"}
{"level":"info","message":"Processing suites in result 0 in index_005.json","suiteCount":1,"timestamp":"2025-04-29T23:03:37.938Z"}
{"level":"info","message":"Processing tests in suite 0.0 in index_005.json","testCount":1,"timestamp":"2025-04-29T23:03:37.938Z"}
{"level":"info","message":"No direct tests in result 1 in index_005.json","timestamp":"2025-04-29T23:03:37.939Z"}
{"level":"info","message":"Processing suites in result 1 in index_005.json","suiteCount":1,"timestamp":"2025-04-29T23:03:37.939Z"}
{"level":"info","message":"Processing tests in suite 1.0 in index_005.json","testCount":1,"timestamp":"2025-04-29T23:03:37.939Z"}
{"level":"info","message":"No direct tests in result 2 in index_005.json","timestamp":"2025-04-29T23:03:37.940Z"}
{"level":"info","message":"Processing suites in result 2 in index_005.json","suiteCount":1,"timestamp":"2025-04-29T23:03:37.940Z"}
{"level":"info","message":"Processing tests in suite 2.0 in index_005.json","testCount":1,"timestamp":"2025-04-29T23:03:37.940Z"}
{"level":"info","message":"No direct tests in result 3 in index_005.json","timestamp":"2025-04-29T23:03:37.941Z"}
{"level":"info","message":"Processing suites in result 3 in index_005.json","suiteCount":1,"timestamp":"2025-04-29T23:03:37.941Z"}
{"level":"info","message":"Processing tests in suite 3.0 in index_005.json","testCount":1,"timestamp":"2025-04-29T23:03:37.941Z"}
{"level":"info","message":"Completed extracting test results from index_005.json","testCount":4,"timestamp":"2025-04-29T23:03:37.944Z"}
{"level":"info","message":"Extracted 4 test results from index_005.json","timestamp":"2025-04-29T23:03:37.944Z"}
{"level":"info","message":"Processing report: /Users/pierrekhouzam/Desktop/magento-cypress-automation/cypress/reports/index_006.json","timestamp":"2025-04-29T23:03:37.944Z"}
{"level":"info","message":"Reading file: /Users/pierrekhouzam/Desktop/magento-cypress-automation/cypress/reports/index_006.json","timestamp":"2025-04-29T23:03:37.944Z"}
{"level":"info","message":"Attempting to parse JSON from index_006.json","timestamp":"2025-04-29T23:03:37.955Z"}
{"level":"info","message":"Extracting test results from index_006.json","timestamp":"2025-04-29T23:03:37.964Z"}
{"level":"info","message":"Processing results array in index_006.json","resultCount":4,"timestamp":"2025-04-29T23:03:37.964Z"}
{"level":"info","message":"No direct tests in result 0 in index_006.json","timestamp":"2025-04-29T23:03:37.964Z"}
{"level":"info","message":"Processing suites in result 0 in index_006.json","suiteCount":1,"timestamp":"2025-04-29T23:03:37.964Z"}
{"level":"info","message":"Processing tests in suite 0.0 in index_006.json","testCount":1,"timestamp":"2025-04-29T23:03:37.964Z"}
{"level":"info","message":"No direct tests in result 1 in index_006.json","timestamp":"2025-04-29T23:03:37.966Z"}
{"level":"info","message":"Processing suites in result 1 in index_006.json","suiteCount":1,"timestamp":"2025-04-29T23:03:37.966Z"}
{"level":"info","message":"Processing tests in suite 1.0 in index_006.json","testCount":1,"timestamp":"2025-04-29T23:03:37.966Z"}
{"level":"info","message":"No direct tests in result 2 in index_006.json","timestamp":"2025-04-29T23:03:37.967Z"}
{"level":"info","message":"Processing suites in result 2 in index_006.json","suiteCount":1,"timestamp":"2025-04-29T23:03:37.968Z"}
{"level":"info","message":"Processing tests in suite 2.0 in index_006.json","testCount":1,"timestamp":"2025-04-29T23:03:37.968Z"}
{"level":"info","message":"No direct tests in result 3 in index_006.json","timestamp":"2025-04-29T23:03:37.969Z"}
{"level":"info","message":"Processing suites in result 3 in index_006.json","suiteCount":1,"timestamp":"2025-04-29T23:03:37.969Z"}
{"level":"info","message":"Processing tests in suite 3.0 in index_006.json","testCount":1,"timestamp":"2025-04-29T23:03:37.969Z"}
{"level":"info","message":"Completed extracting test results from index_006.json","testCount":4,"timestamp":"2025-04-29T23:03:37.970Z"}
{"level":"info","message":"Extracted 4 test results from index_006.json","timestamp":"2025-04-29T23:03:37.970Z"}
{"level":"info","message":"Processing report: /Users/pierrekhouzam/Desktop/magento-cypress-automation/cypress/reports/index_007.json","timestamp":"2025-04-29T23:03:37.970Z"}
{"level":"info","message":"Reading file: /Users/pierrekhouzam/Desktop/magento-cypress-automation/cypress/reports/index_007.json","timestamp":"2025-04-29T23:03:37.970Z"}
{"level":"info","message":"Attempting to parse JSON from index_007.json","timestamp":"2025-04-29T23:03:37.974Z"}
{"level":"info","message":"Extracting test results from index_007.json","timestamp":"2025-04-29T23:03:37.977Z"}
{"level":"info","message":"Processing results array in index_007.json","resultCount":1,"timestamp":"2025-04-29T23:03:37.977Z"}
{"level":"info","message":"No direct tests in result 0 in index_007.json","timestamp":"2025-04-29T23:03:37.977Z"}
{"level":"info","message":"Processing suites in result 0 in index_007.json","suiteCount":1,"timestamp":"2025-04-29T23:03:37.977Z"}
{"level":"info","message":"Processing tests in suite 0.0 in index_007.json","testCount":1,"timestamp":"2025-04-29T23:03:37.977Z"}
{"level":"info","message":"Completed extracting test results from index_007.json","testCount":1,"timestamp":"2025-04-29T23:03:37.978Z"}
{"level":"info","message":"Extracted 1 test results from index_007.json","timestamp":"2025-04-29T23:03:37.978Z"}
{"level":"info","message":"Processing report: /Users/pierrekhouzam/Desktop/magento-cypress-automation/cypress/reports/index_008.json","timestamp":"2025-04-29T23:03:37.979Z"}
{"level":"info","message":"Reading file: /Users/pierrekhouzam/Desktop/magento-cypress-automation/cypress/reports/index_008.json","timestamp":"2025-04-29T23:03:37.979Z"}
{"level":"info","message":"Attempting to parse JSON from index_008.json","timestamp":"2025-04-29T23:03:37.982Z"}
{"level":"info","message":"Extracting test results from index_008.json","timestamp":"2025-04-29T23:03:37.986Z"}
{"level":"info","message":"Processing results array in index_008.json","resultCount":1,"timestamp":"2025-04-29T23:03:37.986Z"}
{"level":"info","message":"No direct tests in result 0 in index_008.json","timestamp":"2025-04-29T23:03:37.986Z"}
{"level":"info","message":"Processing suites in result 0 in index_008.json","suiteCount":1,"timestamp":"2025-04-29T23:03:37.986Z"}
{"level":"info","message":"Processing tests in suite 0.0 in index_008.json","testCount":1,"timestamp":"2025-04-29T23:03:37.987Z"}
{"level":"info","message":"Completed extracting test results from index_008.json","testCount":1,"timestamp":"2025-04-29T23:03:37.988Z"}
{"level":"info","message":"Extracted 1 test results from index_008.json","timestamp":"2025-04-29T23:03:37.988Z"}
{"level":"info","message":"Processing report: /Users/pierrekhouzam/Desktop/magento-cypress-automation/cypress/reports/index_009.json","timestamp":"2025-04-29T23:03:37.988Z"}
{"level":"info","message":"Reading file: /Users/pierrekhouzam/Desktop/magento-cypress-automation/cypress/reports/index_009.json","timestamp":"2025-04-29T23:03:37.988Z"}
{"level":"info","message":"Attempting to parse JSON from index_009.json","timestamp":"2025-04-29T23:03:37.998Z"}
{"level":"info","message":"Extracting test results from index_009.json","timestamp":"2025-04-29T23:03:38.005Z"}
{"level":"info","message":"Processing results array in index_009.json","resultCount":4,"timestamp":"2025-04-29T23:03:38.006Z"}
{"level":"info","message":"No direct tests in result 0 in index_009.json","timestamp":"2025-04-29T23:03:38.006Z"}
{"level":"info","message":"Processing suites in result 0 in index_009.json","suiteCount":1,"timestamp":"2025-04-29T23:03:38.006Z"}
{"level":"info","message":"Processing tests in suite 0.0 in index_009.json","testCount":1,"timestamp":"2025-04-29T23:03:38.006Z"}
{"level":"info","message":"No direct tests in result 1 in index_009.json","timestamp":"2025-04-29T23:03:38.007Z"}
{"level":"info","message":"Processing suites in result 1 in index_009.json","suiteCount":1,"timestamp":"2025-04-29T23:03:38.007Z"}
{"level":"info","message":"Processing tests in suite 1.0 in index_009.json","testCount":1,"timestamp":"2025-04-29T23:03:38.007Z"}
{"level":"info","message":"No direct tests in result 2 in index_009.json","timestamp":"2025-04-29T23:03:38.008Z"}
{"level":"info","message":"Processing suites in result 2 in index_009.json","suiteCount":1,"timestamp":"2025-04-29T23:03:38.009Z"}
{"level":"info","message":"Processing tests in suite 2.0 in index_009.json","testCount":1,"timestamp":"2025-04-29T23:03:38.009Z"}
{"level":"info","message":"No direct tests in result 3 in index_009.json","timestamp":"2025-04-29T23:03:38.011Z"}
{"level":"info","message":"Processing suites in result 3 in index_009.json","suiteCount":1,"timestamp":"2025-04-29T23:03:38.011Z"}
{"level":"info","message":"Processing tests in suite 3.0 in index_009.json","testCount":1,"timestamp":"2025-04-29T23:03:38.011Z"}
{"level":"info","message":"Completed extracting test results from index_009.json","testCount":4,"timestamp":"2025-04-29T23:03:38.012Z"}
{"level":"info","message":"Extracted 4 test results from index_009.json","timestamp":"2025-04-29T23:03:38.012Z"}
{"level":"info","message":"Processing report: /Users/pierrekhouzam/Desktop/magento-cypress-automation/cypress/reports/index_010.json","timestamp":"2025-04-29T23:03:38.012Z"}
{"level":"info","message":"Reading file: /Users/pierrekhouzam/Desktop/magento-cypress-automation/cypress/reports/index_010.json","timestamp":"2025-04-29T23:03:38.012Z"}
{"level":"info","message":"Attempting to parse JSON from index_010.json","timestamp":"2025-04-29T23:03:38.020Z"}
{"level":"info","message":"Extracting test results from index_010.json","timestamp":"2025-04-29T23:03:38.028Z"}
{"level":"info","message":"Processing results array in index_010.json","resultCount":4,"timestamp":"2025-04-29T23:03:38.028Z"}
{"level":"info","message":"No direct tests in result 0 in index_010.json","timestamp":"2025-04-29T23:03:38.028Z"}
{"level":"info","message":"Processing suites in result 0 in index_010.json","suiteCount":1,"timestamp":"2025-04-29T23:03:38.028Z"}
{"level":"info","message":"Processing tests in suite 0.0 in index_010.json","testCount":1,"timestamp":"2025-04-29T23:03:38.028Z"}
{"level":"info","message":"No direct tests in result 1 in index_010.json","timestamp":"2025-04-29T23:03:38.029Z"}
{"level":"info","message":"Processing suites in result 1 in index_010.json","suiteCount":1,"timestamp":"2025-04-29T23:03:38.029Z"}
{"level":"info","message":"Processing tests in suite 1.0 in index_010.json","testCount":1,"timestamp":"2025-04-29T23:03:38.030Z"}
{"level":"info","message":"No direct tests in result 2 in index_010.json","timestamp":"2025-04-29T23:03:38.031Z"}
{"level":"info","message":"Processing suites in result 2 in index_010.json","suiteCount":1,"timestamp":"2025-04-29T23:03:38.031Z"}
{"level":"info","message":"Processing tests in suite 2.0 in index_010.json","testCount":1,"timestamp":"2025-04-29T23:03:38.031Z"}
{"level":"info","message":"No direct tests in result 3 in index_010.json","timestamp":"2025-04-29T23:03:38.032Z"}
{"level":"info","message":"Processing suites in result 3 in index_010.json","suiteCount":1,"timestamp":"2025-04-29T23:03:38.032Z"}
{"level":"info","message":"Processing tests in suite 3.0 in index_010.json","testCount":1,"timestamp":"2025-04-29T23:03:38.032Z"}
{"level":"info","message":"Completed extracting test results from index_010.json","testCount":4,"timestamp":"2025-04-29T23:03:38.033Z"}
{"level":"info","message":"Extracted 4 test results from index_010.json","timestamp":"2025-04-29T23:03:38.033Z"}
{"level":"info","message":"Processing report: /Users/pierrekhouzam/Desktop/magento-cypress-automation/cypress/reports/index_011.json","timestamp":"2025-04-29T23:03:38.033Z"}
{"level":"info","message":"Reading file: /Users/pierrekhouzam/Desktop/magento-cypress-automation/cypress/reports/index_011.json","timestamp":"2025-04-29T23:03:38.033Z"}
{"level":"info","message":"Attempting to parse JSON from index_011.json","timestamp":"2025-04-29T23:03:38.040Z"}
{"level":"info","message":"Extracting test results from index_011.json","timestamp":"2025-04-29T23:03:38.049Z"}
{"level":"info","message":"Processing results array in index_011.json","resultCount":4,"timestamp":"2025-04-29T23:03:38.049Z"}
{"level":"info","message":"No direct tests in result 0 in index_011.json","timestamp":"2025-04-29T23:03:38.049Z"}
{"level":"info","message":"Processing suites in result 0 in index_011.json","suiteCount":1,"timestamp":"2025-04-29T23:03:38.049Z"}
{"level":"info","message":"Processing tests in suite 0.0 in index_011.json","testCount":1,"timestamp":"2025-04-29T23:03:38.049Z"}
{"level":"info","message":"No direct tests in result 1 in index_011.json","timestamp":"2025-04-29T23:03:38.050Z"}
{"level":"info","message":"Processing suites in result 1 in index_011.json","suiteCount":1,"timestamp":"2025-04-29T23:03:38.050Z"}
{"level":"info","message":"Processing tests in suite 1.0 in index_011.json","testCount":1,"timestamp":"2025-04-29T23:03:38.050Z"}
{"level":"info","message":"No direct tests in result 2 in index_011.json","timestamp":"2025-04-29T23:03:38.052Z"}
{"level":"info","message":"Processing suites in result 2 in index_011.json","suiteCount":1,"timestamp":"2025-04-29T23:03:38.052Z"}
{"level":"info","message":"Processing tests in suite 2.0 in index_011.json","testCount":1,"timestamp":"2025-04-29T23:03:38.052Z"}
{"level":"info","message":"No direct tests in result 3 in index_011.json","timestamp":"2025-04-29T23:03:38.053Z"}
{"level":"info","message":"Processing suites in result 3 in index_011.json","suiteCount":1,"timestamp":"2025-04-29T23:03:38.053Z"}
{"level":"info","message":"Processing tests in suite 3.0 in index_011.json","testCount":1,"timestamp":"2025-04-29T23:03:38.053Z"}
{"level":"info","message":"Completed extracting test results from index_011.json","testCount":4,"timestamp":"2025-04-29T23:03:38.054Z"}
{"level":"info","message":"Extracted 4 test results from index_011.json","timestamp":"2025-04-29T23:03:38.054Z"}
{"level":"info","message":"Test title \"Test Case A: Registration flow with login validation Should register a new user and validate login\" appears 12 times across JSON files","timestamp":"2025-04-29T23:03:38.054Z"}
{"level":"info","message":"Test title \"Test Case A: Registration flow with login validation Should allow user to log in with registered credentials\" appears 3 times across JSON files","timestamp":"2025-04-29T23:03:38.054Z"}
{"level":"info","message":"Test title \"Test Case B: Place order with multiple products and validate price Should register and add multiple products to cart then verify total price\" appears 5 times across JSON files","timestamp":"2025-04-29T23:03:38.054Z"}
{"level":"info","message":"Test title \"Test Case C: Wishlist and Checkout Should add products to wishlist and checkout from wishlist\" appears 5 times across JSON files","timestamp":"2025-04-29T23:03:38.055Z"}
{"level":"info","message":"Test title \"Test Case D: Search and Validate Results Should search for a valid product and validate results, then search invalid and validate empty results\" appears 5 times across JSON files","timestamp":"2025-04-29T23:03:38.055Z"}
{"level":"info","message":"Ensured DB directory exists: /Users/pierrekhouzam/Desktop/magento-cypress-automation/cypress/db","timestamp":"2025-04-29T23:03:38.058Z"}
{"level":"info","message":"Test history saved to /Users/pierrekhouzam/Desktop/magento-cypress-automation/cypress/db/test-history.json","testCount":5,"timestamp":"2025-04-29T23:03:38.062Z"}
{"level":"info","message":"Flaky test detection completed.","testsProcessed":30,"timestamp":"2025-04-29T23:03:38.064Z","uniqueTests":5}
{"level":"info","message":"Starting AI-powered flakiness analysis...","timestamp":"2025-04-29T23:03:38.065Z"}
{"level":"info","message":"Ensured DB directory exists: /Users/pierrekhouzam/Desktop/magento-cypress-automation/cypress/db","timestamp":"2025-04-29T23:03:38.065Z"}
{"level":"info","message":"Test history loaded from /Users/pierrekhouzam/Desktop/magento-cypress-automation/cypress/db/test-history.json","testCount":5,"timestamp":"2025-04-29T23:03:38.066Z"}
{"level":"info","message":"Training AI model with historical test data...","timestamp":"2025-04-29T23:03:38.066Z"}
{"error":"ENOENT: no such file or directory, open 'cypress/db/flaky-model.json'","level":"info","message":"No saved model found or error loading:","timestamp":"2025-04-29T23:03:38.068Z"}
{"level":"info","message":"ML model trained successfully","samples":5,"timestamp":"2025-04-29T23:03:38.073Z"}
{"file":"cypress/db/flaky-model.json","level":"info","message":"ML model saved to","timestamp":"2025-04-29T23:03:38.075Z"}
{"0":{"feature":"0","score":"NaN%"},"1":{"feature":"1","score":"NaN%"},"2":{"feature":"2","score":"NaN%"},"3":{"feature":"3","score":"NaN%"},"4":{"feature":"4","score":"NaN%"},"5":{"feature":"5","score":"NaN%"},"6":{"feature":"6","score":"NaN%"},"7":{"feature":"7","score":"NaN%"},"8":{"feature":"8","score":"NaN%"},"level":"info","message":"Feature Importance:","timestamp":"2025-04-29T23:03:38.076Z"}
{"level":"info","message":"Analyzing tests for flakiness","testCount":5,"timestamp":"2025-04-29T23:03:38.076Z"}
{"error":"this.model.predictProba is not a function","level":"error","message":"Error getting prediction confidence:","timestamp":"2025-04-29T23:03:38.078Z"}
{"error":"this.model.predictProba is not a function","level":"error","message":"Error getting prediction confidence:","timestamp":"2025-04-29T23:03:38.078Z"}
{"error":"this.model.predictProba is not a function","level":"error","message":"Error getting prediction confidence:","timestamp":"2025-04-29T23:03:38.079Z"}
{"error":"this.model.predictProba is not a function","level":"error","message":"Error getting prediction confidence:","timestamp":"2025-04-29T23:03:38.079Z"}
{"filePath":"cypress/reports/predictions/predictions-2025-04-29T23-03-38-080Z.json","level":"info","message":"Predictions saved","timestamp":"2025-04-29T23:03:38.081Z"}
{"level":"info","message":"Starting flaky test detection...","timestamp":"2025-04-29T23:09:05.187Z"}
{"level":"info","message":"Verifying report directory: /Users/pierrekhouzam/Desktop/magento-cypress-automation/cypress/reports","timestamp":"2025-04-29T23:09:05.194Z"}
{"level":"info","message":"Scanning report directory: /Users/pierrekhouzam/Desktop/magento-cypress-automation/cypress/reports","timestamp":"2025-04-29T23:09:05.196Z"}
{"level":"info","message":"Found files in directory: .jsons, flaky-tests-report.html, index.html, index.json, index_001.html, index_001.json, index_002.html, index_002.json, index_003.html, index_003.json, index_004.html, index_004.json, index_005.html, index_005.json, index_006.html, index_006.json, index_007.html, index_007.json, index_008.html, index_008.json, index_009.html, index_009.json, index_010.html, index_010.json, index_011.html, index_011.json, predictions","timestamp":"2025-04-29T23:09:05.196Z"}
{"level":"info","message":"Found JSON files: index.json, index_001.json, index_002.json, index_003.json, index_004.json, index_005.json, index_006.json, index_007.json, index_008.json, index_009.json, index_010.json, index_011.json","timestamp":"2025-04-29T23:09:05.197Z"}
{"level":"info","message":"Processing report: /Users/pierrekhouzam/Desktop/magento-cypress-automation/cypress/reports/index.json","timestamp":"2025-04-29T23:09:05.197Z"}
{"level":"info","message":"Reading file: /Users/pierrekhouzam/Desktop/magento-cypress-automation/cypress/reports/index.json","timestamp":"2025-04-29T23:09:05.198Z"}
{"level":"info","message":"Attempting to parse JSON from index.json","timestamp":"2025-04-29T23:09:05.204Z"}
{"level":"info","message":"Extracting test results from index.json","timestamp":"2025-04-29T23:09:05.210Z"}
{"level":"info","message":"Processing results array in index.json","resultCount":1,"timestamp":"2025-04-29T23:09:05.211Z"}
{"level":"info","message":"No direct tests in result 0 in index.json","timestamp":"2025-04-29T23:09:05.212Z"}
{"level":"info","message":"Processing suites in result 0 in index.json","suiteCount":1,"timestamp":"2025-04-29T23:09:05.212Z"}
{"level":"info","message":"Processing tests in suite 0.0 in index.json","testCount":2,"timestamp":"2025-04-29T23:09:05.213Z"}
{"level":"info","message":"Completed extracting test results from index.json","testCount":2,"timestamp":"2025-04-29T23:09:05.215Z"}
{"level":"info","message":"Extracted 2 test results from index.json","timestamp":"2025-04-29T23:09:05.215Z"}
{"level":"info","message":"Processing report: /Users/pierrekhouzam/Desktop/magento-cypress-automation/cypress/reports/index_001.json","timestamp":"2025-04-29T23:09:05.216Z"}
{"level":"info","message":"Reading file: /Users/pierrekhouzam/Desktop/magento-cypress-automation/cypress/reports/index_001.json","timestamp":"2025-04-29T23:09:05.216Z"}
{"level":"info","message":"Attempting to parse JSON from index_001.json","timestamp":"2025-04-29T23:09:05.221Z"}
{"level":"info","message":"Extracting test results from index_001.json","timestamp":"2025-04-29T23:09:05.225Z"}
{"level":"info","message":"Processing results array in index_001.json","resultCount":1,"timestamp":"2025-04-29T23:09:05.226Z"}
{"level":"info","message":"No direct tests in result 0 in index_001.json","timestamp":"2025-04-29T23:09:05.226Z"}
{"level":"info","message":"Processing suites in result 0 in index_001.json","suiteCount":1,"timestamp":"2025-04-29T23:09:05.226Z"}
{"level":"info","message":"Processing tests in suite 0.0 in index_001.json","testCount":2,"timestamp":"2025-04-29T23:09:05.226Z"}
{"level":"info","message":"Completed extracting test results from index_001.json","testCount":2,"timestamp":"2025-04-29T23:09:05.229Z"}
{"level":"info","message":"Extracted 2 test results from index_001.json","timestamp":"2025-04-29T23:09:05.229Z"}
{"level":"info","message":"Processing report: /Users/pierrekhouzam/Desktop/magento-cypress-automation/cypress/reports/index_002.json","timestamp":"2025-04-29T23:09:05.229Z"}
{"level":"info","message":"Reading file: /Users/pierrekhouzam/Desktop/magento-cypress-automation/cypress/reports/index_002.json","timestamp":"2025-04-29T23:09:05.229Z"}
{"level":"info","message":"Attempting to parse JSON from index_002.json","timestamp":"2025-04-29T23:09:05.237Z"}
{"level":"info","message":"Extracting test results from index_002.json","timestamp":"2025-04-29T23:09:05.241Z"}
{"level":"info","message":"Processing results array in index_002.json","resultCount":1,"timestamp":"2025-04-29T23:09:05.241Z"}
{"level":"info","message":"No direct tests in result 0 in index_002.json","timestamp":"2025-04-29T23:09:05.241Z"}
{"level":"info","message":"Processing suites in result 0 in index_002.json","suiteCount":1,"timestamp":"2025-04-29T23:09:05.241Z"}
{"level":"info","message":"Processing tests in suite 0.0 in index_002.json","testCount":2,"timestamp":"2025-04-29T23:09:05.241Z"}
{"level":"info","message":"Completed extracting test results from index_002.json","testCount":2,"timestamp":"2025-04-29T23:09:05.243Z"}
{"level":"info","message":"Extracted 2 test results from index_002.json","timestamp":"2025-04-29T23:09:05.243Z"}
{"level":"info","message":"Processing report: /Users/pierrekhouzam/Desktop/magento-cypress-automation/cypress/reports/index_003.json","timestamp":"2025-04-29T23:09:05.244Z"}
{"level":"info","message":"Reading file: /Users/pierrekhouzam/Desktop/magento-cypress-automation/cypress/reports/index_003.json","timestamp":"2025-04-29T23:09:05.244Z"}
{"level":"info","message":"Attempting to parse JSON from index_003.json","timestamp":"2025-04-29T23:09:05.247Z"}
{"level":"info","message":"Extracting test results from index_003.json","timestamp":"2025-04-29T23:09:05.250Z"}
{"level":"info","message":"Processing results array in index_003.json","resultCount":1,"timestamp":"2025-04-29T23:09:05.251Z"}
{"level":"info","message":"No direct tests in result 0 in index_003.json","timestamp":"2025-04-29T23:09:05.251Z"}
{"level":"info","message":"Processing suites in result 0 in index_003.json","suiteCount":1,"timestamp":"2025-04-29T23:09:05.252Z"}
{"level":"info","message":"Processing tests in suite 0.0 in index_003.json","testCount":1,"timestamp":"2025-04-29T23:09:05.252Z"}
{"level":"info","message":"Completed extracting test results from index_003.json","testCount":1,"timestamp":"2025-04-29T23:09:05.253Z"}
{"level":"info","message":"Extracted 1 test results from index_003.json","timestamp":"2025-04-29T23:09:05.253Z"}
{"level":"info","message":"Processing report: /Users/pierrekhouzam/Desktop/magento-cypress-automation/cypress/reports/index_004.json","timestamp":"2025-04-29T23:09:05.253Z"}
{"level":"info","message":"Reading file: /Users/pierrekhouzam/Desktop/magento-cypress-automation/cypress/reports/index_004.json","timestamp":"2025-04-29T23:09:05.254Z"}
{"level":"info","message":"Attempting to parse JSON from index_004.json","timestamp":"2025-04-29T23:09:05.257Z"}
{"level":"info","message":"Extracting test results from index_004.json","timestamp":"2025-04-29T23:09:05.259Z"}
{"level":"info","message":"Processing results array in index_004.json","resultCount":1,"timestamp":"2025-04-29T23:09:05.259Z"}
{"level":"info","message":"No direct tests in result 0 in index_004.json","timestamp":"2025-04-29T23:09:05.259Z"}
{"level":"info","message":"Processing suites in result 0 in index_004.json","suiteCount":1,"timestamp":"2025-04-29T23:09:05.259Z"}
{"level":"info","message":"Processing tests in suite 0.0 in index_004.json","testCount":1,"timestamp":"2025-04-29T23:09:05.260Z"}
{"level":"info","message":"Completed extracting test results from index_004.json","testCount":1,"timestamp":"2025-04-29T23:09:05.261Z"}
{"level":"info","message":"Extracted 1 test results from index_004.json","timestamp":"2025-04-29T23:09:05.261Z"}
{"level":"info","message":"Processing report: /Users/pierrekhouzam/Desktop/magento-cypress-automation/cypress/reports/index_005.json","timestamp":"2025-04-29T23:09:05.261Z"}
{"level":"info","message":"Reading file: /Users/pierrekhouzam/Desktop/magento-cypress-automation/cypress/reports/index_005.json","timestamp":"2025-04-29T23:09:05.261Z"}
{"level":"info","message":"Attempting to parse JSON from index_005.json","timestamp":"2025-04-29T23:09:05.268Z"}
{"level":"info","message":"Extracting test results from index_005.json","timestamp":"2025-04-29T23:09:05.275Z"}
{"level":"info","message":"Processing results array in index_005.json","resultCount":4,"timestamp":"2025-04-29T23:09:05.275Z"}
{"level":"info","message":"No direct tests in result 0 in index_005.json","timestamp":"2025-04-29T23:09:05.275Z"}
{"level":"info","message":"Processing suites in result 0 in index_005.json","suiteCount":1,"timestamp":"2025-04-29T23:09:05.275Z"}
{"level":"info","message":"Processing tests in suite 0.0 in index_005.json","testCount":1,"timestamp":"2025-04-29T23:09:05.275Z"}
{"level":"info","message":"No direct tests in result 1 in index_005.json","timestamp":"2025-04-29T23:09:05.276Z"}
{"level":"info","message":"Processing suites in result 1 in index_005.json","suiteCount":1,"timestamp":"2025-04-29T23:09:05.276Z"}
{"level":"info","message":"Processing tests in suite 1.0 in index_005.json","testCount":1,"timestamp":"2025-04-29T23:09:05.277Z"}
{"level":"info","message":"No direct tests in result 2 in index_005.json","timestamp":"2025-04-29T23:09:05.278Z"}
{"level":"info","message":"Processing suites in result 2 in index_005.json","suiteCount":1,"timestamp":"2025-04-29T23:09:05.278Z"}
{"level":"info","message":"Processing tests in suite 2.0 in index_005.json","testCount":1,"timestamp":"2025-04-29T23:09:05.278Z"}
{"level":"info","message":"No direct tests in result 3 in index_005.json","timestamp":"2025-04-29T23:09:05.279Z"}
{"level":"info","message":"Processing suites in result 3 in index_005.json","suiteCount":1,"timestamp":"2025-04-29T23:09:05.279Z"}
{"level":"info","message":"Processing tests in suite 3.0 in index_005.json","testCount":1,"timestamp":"2025-04-29T23:09:05.279Z"}
{"level":"info","message":"Completed extracting test results from index_005.json","testCount":4,"timestamp":"2025-04-29T23:09:05.280Z"}
{"level":"info","message":"Extracted 4 test results from index_005.json","timestamp":"2025-04-29T23:09:05.280Z"}
{"level":"info","message":"Processing report: /Users/pierrekhouzam/Desktop/magento-cypress-automation/cypress/reports/index_006.json","timestamp":"2025-04-29T23:09:05.280Z"}
{"level":"info","message":"Reading file: /Users/pierrekhouzam/Desktop/magento-cypress-automation/cypress/reports/index_006.json","timestamp":"2025-04-29T23:09:05.280Z"}
{"level":"info","message":"Attempting to parse JSON from index_006.json","timestamp":"2025-04-29T23:09:05.287Z"}
{"level":"info","message":"Extracting test results from index_006.json","timestamp":"2025-04-29T23:09:05.296Z"}
{"level":"info","message":"Processing results array in index_006.json","resultCount":4,"timestamp":"2025-04-29T23:09:05.296Z"}
{"level":"info","message":"No direct tests in result 0 in index_006.json","timestamp":"2025-04-29T23:09:05.296Z"}
{"level":"info","message":"Processing suites in result 0 in index_006.json","suiteCount":1,"timestamp":"2025-04-29T23:09:05.296Z"}
{"level":"info","message":"Processing tests in suite 0.0 in index_006.json","testCount":1,"timestamp":"2025-04-29T23:09:05.296Z"}
{"level":"info","message":"No direct tests in result 1 in index_006.json","timestamp":"2025-04-29T23:09:05.297Z"}
{"level":"info","message":"Processing suites in result 1 in index_006.json","suiteCount":1,"timestamp":"2025-04-29T23:09:05.297Z"}
{"level":"info","message":"Processing tests in suite 1.0 in index_006.json","testCount":1,"timestamp":"2025-04-29T23:09:05.297Z"}
{"level":"info","message":"No direct tests in result 2 in index_006.json","timestamp":"2025-04-29T23:09:05.299Z"}
{"level":"info","message":"Processing suites in result 2 in index_006.json","suiteCount":1,"timestamp":"2025-04-29T23:09:05.299Z"}
{"level":"info","message":"Processing tests in suite 2.0 in index_006.json","testCount":1,"timestamp":"2025-04-29T23:09:05.299Z"}
{"level":"info","message":"No direct tests in result 3 in index_006.json","timestamp":"2025-04-29T23:09:05.300Z"}
{"level":"info","message":"Processing suites in result 3 in index_006.json","suiteCount":1,"timestamp":"2025-04-29T23:09:05.300Z"}
{"level":"info","message":"Processing tests in suite 3.0 in index_006.json","testCount":1,"timestamp":"2025-04-29T23:09:05.301Z"}
{"level":"info","message":"Completed extracting test results from index_006.json","testCount":4,"timestamp":"2025-04-29T23:09:05.302Z"}
{"level":"info","message":"Extracted 4 test results from index_006.json","timestamp":"2025-04-29T23:09:05.302Z"}
{"level":"info","message":"Processing report: /Users/pierrekhouzam/Desktop/magento-cypress-automation/cypress/reports/index_007.json","timestamp":"2025-04-29T23:09:05.302Z"}
{"level":"info","message":"Reading file: /Users/pierrekhouzam/Desktop/magento-cypress-automation/cypress/reports/index_007.json","timestamp":"2025-04-29T23:09:05.302Z"}
{"level":"info","message":"Attempting to parse JSON from index_007.json","timestamp":"2025-04-29T23:09:05.307Z"}
{"level":"info","message":"Extracting test results from index_007.json","timestamp":"2025-04-29T23:09:05.310Z"}
{"level":"info","message":"Processing results array in index_007.json","resultCount":1,"timestamp":"2025-04-29T23:09:05.310Z"}
{"level":"info","message":"No direct tests in result 0 in index_007.json","timestamp":"2025-04-29T23:09:05.310Z"}
{"level":"info","message":"Processing suites in result 0 in index_007.json","suiteCount":1,"timestamp":"2025-04-29T23:09:05.310Z"}
{"level":"info","message":"Processing tests in suite 0.0 in index_007.json","testCount":1,"timestamp":"2025-04-29T23:09:05.310Z"}
{"level":"info","message":"Completed extracting test results from index_007.json","testCount":1,"timestamp":"2025-04-29T23:09:05.311Z"}
{"level":"info","message":"Extracted 1 test results from index_007.json","timestamp":"2025-04-29T23:09:05.311Z"}
{"level":"info","message":"Processing report: /Users/pierrekhouzam/Desktop/magento-cypress-automation/cypress/reports/index_008.json","timestamp":"2025-04-29T23:09:05.311Z"}
{"level":"info","message":"Reading file: /Users/pierrekhouzam/Desktop/magento-cypress-automation/cypress/reports/index_008.json","timestamp":"2025-04-29T23:09:05.312Z"}
{"level":"info","message":"Attempting to parse JSON from index_008.json","timestamp":"2025-04-29T23:09:05.315Z"}
{"level":"info","message":"Extracting test results from index_008.json","timestamp":"2025-04-29T23:09:05.317Z"}
{"level":"info","message":"Processing results array in index_008.json","resultCount":1,"timestamp":"2025-04-29T23:09:05.317Z"}
{"level":"info","message":"No direct tests in result 0 in index_008.json","timestamp":"2025-04-29T23:09:05.317Z"}
{"level":"info","message":"Processing suites in result 0 in index_008.json","suiteCount":1,"timestamp":"2025-04-29T23:09:05.317Z"}
{"level":"info","message":"Processing tests in suite 0.0 in index_008.json","testCount":1,"timestamp":"2025-04-29T23:09:05.318Z"}
{"level":"info","message":"Completed extracting test results from index_008.json","testCount":1,"timestamp":"2025-04-29T23:09:05.319Z"}
{"level":"info","message":"Extracted 1 test results from index_008.json","timestamp":"2025-04-29T23:09:05.319Z"}
{"level":"info","message":"Processing report: /Users/pierrekhouzam/Desktop/magento-cypress-automation/cypress/reports/index_009.json","timestamp":"2025-04-29T23:09:05.319Z"}
{"level":"info","message":"Reading file: /Users/pierrekhouzam/Desktop/magento-cypress-automation/cypress/reports/index_009.json","timestamp":"2025-04-29T23:09:05.319Z"}
{"level":"info","message":"Attempting to parse JSON from index_009.json","timestamp":"2025-04-29T23:09:05.324Z"}
{"level":"info","message":"Extracting test results from index_009.json","timestamp":"2025-04-29T23:09:05.331Z"}
{"level":"info","message":"Processing results array in index_009.json","resultCount":4,"timestamp":"2025-04-29T23:09:05.331Z"}
{"level":"info","message":"No direct tests in result 0 in index_009.json","timestamp":"2025-04-29T23:09:05.332Z"}
{"level":"info","message":"Processing suites in result 0 in index_009.json","suiteCount":1,"timestamp":"2025-04-29T23:09:05.332Z"}
{"level":"info","message":"Processing tests in suite 0.0 in index_009.json","testCount":1,"timestamp":"2025-04-29T23:09:05.332Z"}
{"level":"info","message":"No direct tests in result 1 in index_009.json","timestamp":"2025-04-29T23:09:05.333Z"}
{"level":"info","message":"Processing suites in result 1 in index_009.json","suiteCount":1,"timestamp":"2025-04-29T23:09:05.333Z"}
{"level":"info","message":"Processing tests in suite 1.0 in index_009.json","testCount":1,"timestamp":"2025-04-29T23:09:05.333Z"}
{"level":"info","message":"No direct tests in result 2 in index_009.json","timestamp":"2025-04-29T23:09:05.334Z"}
{"level":"info","message":"Processing suites in result 2 in index_009.json","suiteCount":1,"timestamp":"2025-04-29T23:09:05.334Z"}
{"level":"info","message":"Processing tests in suite 2.0 in index_009.json","testCount":1,"timestamp":"2025-04-29T23:09:05.334Z"}
{"level":"info","message":"No direct tests in result 3 in index_009.json","timestamp":"2025-04-29T23:09:05.335Z"}
{"level":"info","message":"Processing suites in result 3 in index_009.json","suiteCount":1,"timestamp":"2025-04-29T23:09:05.336Z"}
{"level":"info","message":"Processing tests in suite 3.0 in index_009.json","testCount":1,"timestamp":"2025-04-29T23:09:05.336Z"}
{"level":"info","message":"Completed extracting test results from index_009.json","testCount":4,"timestamp":"2025-04-29T23:09:05.337Z"}
{"level":"info","message":"Extracted 4 test results from index_009.json","timestamp":"2025-04-29T23:09:05.337Z"}
{"level":"info","message":"Processing report: /Users/pierrekhouzam/Desktop/magento-cypress-automation/cypress/reports/index_010.json","timestamp":"2025-04-29T23:09:05.337Z"}
{"level":"info","message":"Reading file: /Users/pierrekhouzam/Desktop/magento-cypress-automation/cypress/reports/index_010.json","timestamp":"2025-04-29T23:09:05.337Z"}
{"level":"info","message":"Attempting to parse JSON from index_010.json","timestamp":"2025-04-29T23:09:05.343Z"}
{"level":"info","message":"Extracting test results from index_010.json","timestamp":"2025-04-29T23:09:05.351Z"}
{"level":"info","message":"Processing results array in index_010.json","resultCount":4,"timestamp":"2025-04-29T23:09:05.351Z"}
{"level":"info","message":"No direct tests in result 0 in index_010.json","timestamp":"2025-04-29T23:09:05.351Z"}
{"level":"info","message":"Processing suites in result 0 in index_010.json","suiteCount":1,"timestamp":"2025-04-29T23:09:05.351Z"}
{"level":"info","message":"Processing tests in suite 0.0 in index_010.json","testCount":1,"timestamp":"2025-04-29T23:09:05.351Z"}
{"level":"info","message":"No direct tests in result 1 in index_010.json","timestamp":"2025-04-29T23:09:05.352Z"}
{"level":"info","message":"Processing suites in result 1 in index_010.json","suiteCount":1,"timestamp":"2025-04-29T23:09:05.352Z"}
{"level":"info","message":"Processing tests in suite 1.0 in index_010.json","testCount":1,"timestamp":"2025-04-29T23:09:05.352Z"}
{"level":"info","message":"No direct tests in result 2 in index_010.json","timestamp":"2025-04-29T23:09:05.353Z"}
{"level":"info","message":"Processing suites in result 2 in index_010.json","suiteCount":1,"timestamp":"2025-04-29T23:09:05.354Z"}
{"level":"info","message":"Processing tests in suite 2.0 in index_010.json","testCount":1,"timestamp":"2025-04-29T23:09:05.354Z"}
{"level":"info","message":"No direct tests in result 3 in index_010.json","timestamp":"2025-04-29T23:09:05.354Z"}
{"level":"info","message":"Processing suites in result 3 in index_010.json","suiteCount":1,"timestamp":"2025-04-29T23:09:05.355Z"}
{"level":"info","message":"Processing tests in suite 3.0 in index_010.json","testCount":1,"timestamp":"2025-04-29T23:09:05.355Z"}
{"level":"info","message":"Completed extracting test results from index_010.json","testCount":4,"timestamp":"2025-04-29T23:09:05.355Z"}
{"level":"info","message":"Extracted 4 test results from index_010.json","timestamp":"2025-04-29T23:09:05.356Z"}
{"level":"info","message":"Processing report: /Users/pierrekhouzam/Desktop/magento-cypress-automation/cypress/reports/index_011.json","timestamp":"2025-04-29T23:09:05.356Z"}
{"level":"info","message":"Reading file: /Users/pierrekhouzam/Desktop/magento-cypress-automation/cypress/reports/index_011.json","timestamp":"2025-04-29T23:09:05.356Z"}
{"level":"info","message":"Attempting to parse JSON from index_011.json","timestamp":"2025-04-29T23:09:05.361Z"}
{"level":"info","message":"Extracting test results from index_011.json","timestamp":"2025-04-29T23:09:05.369Z"}
{"level":"info","message":"Processing results array in index_011.json","resultCount":4,"timestamp":"2025-04-29T23:09:05.370Z"}
{"level":"info","message":"No direct tests in result 0 in index_011.json","timestamp":"2025-04-29T23:09:05.370Z"}
{"level":"info","message":"Processing suites in result 0 in index_011.json","suiteCount":1,"timestamp":"2025-04-29T23:09:05.370Z"}
{"level":"info","message":"Processing tests in suite 0.0 in index_011.json","testCount":1,"timestamp":"2025-04-29T23:09:05.370Z"}
{"level":"info","message":"No direct tests in result 1 in index_011.json","timestamp":"2025-04-29T23:09:05.371Z"}
{"level":"info","message":"Processing suites in result 1 in index_011.json","suiteCount":1,"timestamp":"2025-04-29T23:09:05.371Z"}
{"level":"info","message":"Processing tests in suite 1.0 in index_011.json","testCount":1,"timestamp":"2025-04-29T23:09:05.371Z"}
{"level":"info","message":"No direct tests in result 2 in index_011.json","timestamp":"2025-04-29T23:09:05.373Z"}
{"level":"info","message":"Processing suites in result 2 in index_011.json","suiteCount":1,"timestamp":"2025-04-29T23:09:05.373Z"}
{"level":"info","message":"Processing tests in suite 2.0 in index_011.json","testCount":1,"timestamp":"2025-04-29T23:09:05.373Z"}
{"level":"info","message":"No direct tests in result 3 in index_011.json","timestamp":"2025-04-29T23:09:05.374Z"}
{"level":"info","message":"Processing suites in result 3 in index_011.json","suiteCount":1,"timestamp":"2025-04-29T23:09:05.374Z"}
{"level":"info","message":"Processing tests in suite 3.0 in index_011.json","testCount":1,"timestamp":"2025-04-29T23:09:05.374Z"}
{"level":"info","message":"Completed extracting test results from index_011.json","testCount":4,"timestamp":"2025-04-29T23:09:05.375Z"}
{"level":"info","message":"Extracted 4 test results from index_011.json","timestamp":"2025-04-29T23:09:05.375Z"}
{"level":"info","message":"Test title \"Test Case A: Registration flow with login validation Should register a new user and validate login\" appears 12 times across JSON files","timestamp":"2025-04-29T23:09:05.375Z"}
{"level":"info","message":"Test title \"Test Case A: Registration flow with login validation Should allow user to log in with registered credentials\" appears 3 times across JSON files","timestamp":"2025-04-29T23:09:05.375Z"}
{"level":"info","message":"Test title \"Test Case B: Place order with multiple products and validate price Should register and add multiple products to cart then verify total price\" appears 5 times across JSON files","timestamp":"2025-04-29T23:09:05.375Z"}
{"level":"info","message":"Test title \"Test Case C: Wishlist and Checkout Should add products to wishlist and checkout from wishlist\" appears 5 times across JSON files","timestamp":"2025-04-29T23:09:05.375Z"}
{"level":"info","message":"Test title \"Test Case D: Search and Validate Results Should search for a valid product and validate results, then search invalid and validate empty results\" appears 5 times across JSON files","timestamp":"2025-04-29T23:09:05.375Z"}
{"level":"info","message":"Ensured DB directory exists: /Users/pierrekhouzam/Desktop/magento-cypress-automation/cypress/db","timestamp":"2025-04-29T23:09:05.378Z"}
{"level":"info","message":"Test history saved to /Users/pierrekhouzam/Desktop/magento-cypress-automation/cypress/db/test-history.json","testCount":5,"timestamp":"2025-04-29T23:09:05.380Z"}
{"level":"info","message":"Flaky test detection completed.","testsProcessed":30,"timestamp":"2025-04-29T23:09:05.381Z","uniqueTests":5}
{"level":"info","message":"Starting AI-powered flakiness analysis...","timestamp":"2025-04-29T23:09:05.381Z"}
{"level":"info","message":"Ensured DB directory exists: /Users/pierrekhouzam/Desktop/magento-cypress-automation/cypress/db","timestamp":"2025-04-29T23:09:05.382Z"}
{"level":"info","message":"Test history loaded from /Users/pierrekhouzam/Desktop/magento-cypress-automation/cypress/db/test-history.json","testCount":5,"timestamp":"2025-04-29T23:09:05.383Z"}
{"level":"info","message":"Training AI model with historical test data...","timestamp":"2025-04-29T23:09:05.383Z"}
{"file":"cypress/db/flaky-model.json","level":"info","message":"ML model loaded from","timestamp":"2025-04-29T23:09:05.386Z"}
{"level":"info","message":"Using cached ML model","timestamp":"2025-04-29T23:09:05.386Z"}
{"0":{"feature":"0","score":"NaN%"},"1":{"feature":"1","score":"NaN%"},"2":{"feature":"2","score":"NaN%"},"3":{"feature":"3","score":"NaN%"},"4":{"feature":"4","score":"NaN%"},"5":{"feature":"5","score":"NaN%"},"6":{"feature":"6","score":"NaN%"},"7":{"feature":"7","score":"NaN%"},"8":{"feature":"8","score":"NaN%"},"level":"info","message":"Feature Importance:","timestamp":"2025-04-29T23:09:05.386Z"}
{"level":"info","message":"Analyzing tests for flakiness","testCount":5,"timestamp":"2025-04-29T23:09:05.386Z"}
{"filePath":"cypress/reports/predictions/predictions-2025-04-29T23-09-05-389Z.json","level":"info","message":"Predictions saved","timestamp":"2025-04-29T23:09:05.390Z"}
{"level":"info","message":"Starting flaky test detection...","timestamp":"2025-04-29T23:13:39.613Z"}
{"level":"info","message":"Verifying report directory: /Users/pierrekhouzam/Desktop/magento-cypress-automation/cypress/reports","timestamp":"2025-04-29T23:13:39.619Z"}
{"level":"info","message":"Scanning report directory: /Users/pierrekhouzam/Desktop/magento-cypress-automation/cypress/reports","timestamp":"2025-04-29T23:13:39.621Z"}
{"level":"info","message":"Found files in directory: flaky-tests-report.html, index.html, index.json, index_001.html, index_001.json, index_002.html, index_002.json, index_003.html, index_003.json, index_004.html, index_004.json, index_005.html, index_005.json, index_006.html, index_006.json, index_007.html, index_007.json, index_008.html, index_008.json, index_009.html, index_009.json, index_010.html, index_010.json, index_011.html, index_011.json, index_012.html, index_012.json, predictions","timestamp":"2025-04-29T23:13:39.622Z"}
{"level":"info","message":"Found JSON files: index.json, index_001.json, index_002.json, index_003.json, index_004.json, index_005.json, index_006.json, index_007.json, index_008.json, index_009.json, index_010.json, index_011.json, index_012.json","timestamp":"2025-04-29T23:13:39.622Z"}
{"level":"info","message":"Processing report: /Users/pierrekhouzam/Desktop/magento-cypress-automation/cypress/reports/index.json","timestamp":"2025-04-29T23:13:39.623Z"}
{"level":"info","message":"Reading file: /Users/pierrekhouzam/Desktop/magento-cypress-automation/cypress/reports/index.json","timestamp":"2025-04-29T23:13:39.623Z"}
{"level":"info","message":"Attempting to parse JSON from index.json","timestamp":"2025-04-29T23:13:39.631Z"}
{"level":"info","message":"Extracting test results from index.json","timestamp":"2025-04-29T23:13:39.635Z"}
{"level":"info","message":"Processing results array in index.json","resultCount":1,"timestamp":"2025-04-29T23:13:39.636Z"}
{"level":"info","message":"No direct tests in result 0 in index.json","timestamp":"2025-04-29T23:13:39.637Z"}
{"level":"info","message":"Processing suites in result 0 in index.json","suiteCount":1,"timestamp":"2025-04-29T23:13:39.637Z"}
{"level":"info","message":"Processing tests in suite 0.0 in index.json","testCount":2,"timestamp":"2025-04-29T23:13:39.637Z"}
{"level":"info","message":"Completed extracting test results from index.json","testCount":2,"timestamp":"2025-04-29T23:13:39.640Z"}
{"level":"info","message":"Extracted 2 test results from index.json","timestamp":"2025-04-29T23:13:39.640Z"}
{"level":"info","message":"Processing report: /Users/pierrekhouzam/Desktop/magento-cypress-automation/cypress/reports/index_001.json","timestamp":"2025-04-29T23:13:39.641Z"}
{"level":"info","message":"Reading file: /Users/pierrekhouzam/Desktop/magento-cypress-automation/cypress/reports/index_001.json","timestamp":"2025-04-29T23:13:39.641Z"}
{"level":"info","message":"Attempting to parse JSON from index_001.json","timestamp":"2025-04-29T23:13:39.648Z"}
{"level":"info","message":"Extracting test results from index_001.json","timestamp":"2025-04-29T23:13:39.652Z"}
{"level":"info","message":"Processing results array in index_001.json","resultCount":1,"timestamp":"2025-04-29T23:13:39.652Z"}
{"level":"info","message":"No direct tests in result 0 in index_001.json","timestamp":"2025-04-29T23:13:39.652Z"}
{"level":"info","message":"Processing suites in result 0 in index_001.json","suiteCount":1,"timestamp":"2025-04-29T23:13:39.653Z"}
{"level":"info","message":"Processing tests in suite 0.0 in index_001.json","testCount":2,"timestamp":"2025-04-29T23:13:39.653Z"}
{"level":"info","message":"Completed extracting test results from index_001.json","testCount":2,"timestamp":"2025-04-29T23:13:39.656Z"}
{"level":"info","message":"Extracted 2 test results from index_001.json","timestamp":"2025-04-29T23:13:39.656Z"}
{"level":"info","message":"Processing report: /Users/pierrekhouzam/Desktop/magento-cypress-automation/cypress/reports/index_002.json","timestamp":"2025-04-29T23:13:39.656Z"}
{"level":"info","message":"Reading file: /Users/pierrekhouzam/Desktop/magento-cypress-automation/cypress/reports/index_002.json","timestamp":"2025-04-29T23:13:39.657Z"}
{"level":"info","message":"Attempting to parse JSON from index_002.json","timestamp":"2025-04-29T23:13:39.664Z"}
{"level":"info","message":"Extracting test results from index_002.json","timestamp":"2025-04-29T23:13:39.669Z"}
{"level":"info","message":"Processing results array in index_002.json","resultCount":1,"timestamp":"2025-04-29T23:13:39.669Z"}
{"level":"info","message":"No direct tests in result 0 in index_002.json","timestamp":"2025-04-29T23:13:39.669Z"}
{"level":"info","message":"Processing suites in result 0 in index_002.json","suiteCount":1,"timestamp":"2025-04-29T23:13:39.669Z"}
{"level":"info","message":"Processing tests in suite 0.0 in index_002.json","testCount":2,"timestamp":"2025-04-29T23:13:39.669Z"}
{"level":"info","message":"Completed extracting test results from index_002.json","testCount":2,"timestamp":"2025-04-29T23:13:39.672Z"}
{"level":"info","message":"Extracted 2 test results from index_002.json","timestamp":"2025-04-29T23:13:39.672Z"}
{"level":"info","message":"Processing report: /Users/pierrekhouzam/Desktop/magento-cypress-automation/cypress/reports/index_003.json","timestamp":"2025-04-29T23:13:39.672Z"}
{"level":"info","message":"Reading file: /Users/pierrekhouzam/Desktop/magento-cypress-automation/cypress/reports/index_003.json","timestamp":"2025-04-29T23:13:39.672Z"}
{"level":"info","message":"Attempting to parse JSON from index_003.json","timestamp":"2025-04-29T23:13:39.677Z"}
{"level":"info","message":"Extracting test results from index_003.json","timestamp":"2025-04-29T23:13:39.680Z"}
{"level":"info","message":"Processing results array in index_003.json","resultCount":1,"timestamp":"2025-04-29T23:13:39.680Z"}
{"level":"info","message":"No direct tests in result 0 in index_003.json","timestamp":"2025-04-29T23:13:39.680Z"}
{"level":"info","message":"Processing suites in result 0 in index_003.json","suiteCount":1,"timestamp":"2025-04-29T23:13:39.680Z"}
{"level":"info","message":"Processing tests in suite 0.0 in index_003.json","testCount":1,"timestamp":"2025-04-29T23:13:39.680Z"}
{"level":"info","message":"Completed extracting test results from index_003.json","testCount":1,"timestamp":"2025-04-29T23:13:39.681Z"}
{"level":"info","message":"Extracted 1 test results from index_003.json","timestamp":"2025-04-29T23:13:39.681Z"}
{"level":"info","message":"Processing report: /Users/pierrekhouzam/Desktop/magento-cypress-automation/cypress/reports/index_004.json","timestamp":"2025-04-29T23:13:39.681Z"}
{"level":"info","message":"Reading file: /Users/pierrekhouzam/Desktop/magento-cypress-automation/cypress/reports/index_004.json","timestamp":"2025-04-29T23:13:39.681Z"}
{"level":"info","message":"Attempting to parse JSON from index_004.json","timestamp":"2025-04-29T23:13:39.685Z"}
{"level":"info","message":"Extracting test results from index_004.json","timestamp":"2025-04-29T23:13:39.687Z"}
{"level":"info","message":"Processing results array in index_004.json","resultCount":1,"timestamp":"2025-04-29T23:13:39.687Z"}
{"level":"info","message":"No direct tests in result 0 in index_004.json","timestamp":"2025-04-29T23:13:39.687Z"}
{"level":"info","message":"Processing suites in result 0 in index_004.json","suiteCount":1,"timestamp":"2025-04-29T23:13:39.687Z"}
{"level":"info","message":"Processing tests in suite 0.0 in index_004.json","testCount":1,"timestamp":"2025-04-29T23:13:39.688Z"}
{"level":"info","message":"Completed extracting test results from index_004.json","testCount":1,"timestamp":"2025-04-29T23:13:39.689Z"}
{"level":"info","message":"Extracted 1 test results from index_004.json","timestamp":"2025-04-29T23:13:39.689Z"}
{"level":"info","message":"Processing report: /Users/pierrekhouzam/Desktop/magento-cypress-automation/cypress/reports/index_005.json","timestamp":"2025-04-29T23:13:39.689Z"}
{"level":"info","message":"Reading file: /Users/pierrekhouzam/Desktop/magento-cypress-automation/cypress/reports/index_005.json","timestamp":"2025-04-29T23:13:39.689Z"}
{"level":"info","message":"Attempting to parse JSON from index_005.json","timestamp":"2025-04-29T23:13:39.699Z"}
{"level":"info","message":"Extracting test results from index_005.json","timestamp":"2025-04-29T23:13:39.707Z"}
{"level":"info","message":"Processing results array in index_005.json","resultCount":4,"timestamp":"2025-04-29T23:13:39.707Z"}
{"level":"info","message":"No direct tests in result 0 in index_005.json","timestamp":"2025-04-29T23:13:39.707Z"}
{"level":"info","message":"Processing suites in result 0 in index_005.json","suiteCount":1,"timestamp":"2025-04-29T23:13:39.708Z"}
{"level":"info","message":"Processing tests in suite 0.0 in index_005.json","testCount":1,"timestamp":"2025-04-29T23:13:39.708Z"}
{"level":"info","message":"No direct tests in result 1 in index_005.json","timestamp":"2025-04-29T23:13:39.711Z"}
{"level":"info","message":"Processing suites in result 1 in index_005.json","suiteCount":1,"timestamp":"2025-04-29T23:13:39.711Z"}
{"level":"info","message":"Processing tests in suite 1.0 in index_005.json","testCount":1,"timestamp":"2025-04-29T23:13:39.711Z"}
{"level":"info","message":"No direct tests in result 2 in index_005.json","timestamp":"2025-04-29T23:13:39.712Z"}
{"level":"info","message":"Processing suites in result 2 in index_005.json","suiteCount":1,"timestamp":"2025-04-29T23:13:39.712Z"}
{"level":"info","message":"Processing tests in suite 2.0 in index_005.json","testCount":1,"timestamp":"2025-04-29T23:13:39.712Z"}
{"level":"info","message":"No direct tests in result 3 in index_005.json","timestamp":"2025-04-29T23:13:39.713Z"}
{"level":"info","message":"Processing suites in result 3 in index_005.json","suiteCount":1,"timestamp":"2025-04-29T23:13:39.713Z"}
{"level":"info","message":"Processing tests in suite 3.0 in index_005.json","testCount":1,"timestamp":"2025-04-29T23:13:39.713Z"}
{"level":"info","message":"Completed extracting test results from index_005.json","testCount":4,"timestamp":"2025-04-29T23:13:39.714Z"}
{"level":"info","message":"Extracted 4 test results from index_005.json","timestamp":"2025-04-29T23:13:39.714Z"}
{"level":"info","message":"Processing report: /Users/pierrekhouzam/Desktop/magento-cypress-automation/cypress/reports/index_006.json","timestamp":"2025-04-29T23:13:39.714Z"}
{"level":"info","message":"Reading file: /Users/pierrekhouzam/Desktop/magento-cypress-automation/cypress/reports/index_006.json","timestamp":"2025-04-29T23:13:39.714Z"}
{"level":"info","message":"Attempting to parse JSON from index_006.json","timestamp":"2025-04-29T23:13:39.722Z"}
{"level":"info","message":"Extracting test results from index_006.json","timestamp":"2025-04-29T23:13:39.732Z"}
{"level":"info","message":"Processing results array in index_006.json","resultCount":4,"timestamp":"2025-04-29T23:13:39.732Z"}
{"level":"info","message":"No direct tests in result 0 in index_006.json","timestamp":"2025-04-29T23:13:39.732Z"}
{"level":"info","message":"Processing suites in result 0 in index_006.json","suiteCount":1,"timestamp":"2025-04-29T23:13:39.732Z"}
{"level":"info","message":"Processing tests in suite 0.0 in index_006.json","testCount":1,"timestamp":"2025-04-29T23:13:39.732Z"}
{"level":"info","message":"No direct tests in result 1 in index_006.json","timestamp":"2025-04-29T23:13:39.733Z"}
{"level":"info","message":"Processing suites in result 1 in index_006.json","suiteCount":1,"timestamp":"2025-04-29T23:13:39.733Z"}
{"level":"info","message":"Processing tests in suite 1.0 in index_006.json","testCount":1,"timestamp":"2025-04-29T23:13:39.734Z"}
{"level":"info","message":"No direct tests in result 2 in index_006.json","timestamp":"2025-04-29T23:13:39.735Z"}
{"level":"info","message":"Processing suites in result 2 in index_006.json","suiteCount":1,"timestamp":"2025-04-29T23:13:39.735Z"}
{"level":"info","message":"Processing tests in suite 2.0 in index_006.json","testCount":1,"timestamp":"2025-04-29T23:13:39.735Z"}
{"level":"info","message":"No direct tests in result 3 in index_006.json","timestamp":"2025-04-29T23:13:39.736Z"}
{"level":"info","message":"Processing suites in result 3 in index_006.json","suiteCount":1,"timestamp":"2025-04-29T23:13:39.736Z"}
{"level":"info","message":"Processing tests in suite 3.0 in index_006.json","testCount":1,"timestamp":"2025-04-29T23:13:39.737Z"}
{"level":"info","message":"Completed extracting test results from index_006.json","testCount":4,"timestamp":"2025-04-29T23:13:39.738Z"}
{"level":"info","message":"Extracted 4 test results from index_006.json","timestamp":"2025-04-29T23:13:39.738Z"}
{"level":"info","message":"Processing report: /Users/pierrekhouzam/Desktop/magento-cypress-automation/cypress/reports/index_007.json","timestamp":"2025-04-29T23:13:39.738Z"}
{"level":"info","message":"Reading file: /Users/pierrekhouzam/Desktop/magento-cypress-automation/cypress/reports/index_007.json","timestamp":"2025-04-29T23:13:39.738Z"}
{"level":"info","message":"Attempting to parse JSON from index_007.json","timestamp":"2025-04-29T23:13:39.741Z"}
{"level":"info","message":"Extracting test results from index_007.json","timestamp":"2025-04-29T23:13:39.745Z"}
{"level":"info","message":"Processing results array in index_007.json","resultCount":1,"timestamp":"2025-04-29T23:13:39.745Z"}
{"level":"info","message":"No direct tests in result 0 in index_007.json","timestamp":"2025-04-29T23:13:39.745Z"}
{"level":"info","message":"Processing suites in result 0 in index_007.json","suiteCount":1,"timestamp":"2025-04-29T23:13:39.745Z"}
{"level":"info","message":"Processing tests in suite 0.0 in index_007.json","testCount":1,"timestamp":"2025-04-29T23:13:39.746Z"}
{"level":"info","message":"Completed extracting test results from index_007.json","testCount":1,"timestamp":"2025-04-29T23:13:39.746Z"}
{"level":"info","message":"Extracted 1 test results from index_007.json","timestamp":"2025-04-29T23:13:39.747Z"}
{"level":"info","message":"Processing report: /Users/pierrekhouzam/Desktop/magento-cypress-automation/cypress/reports/index_008.json","timestamp":"2025-04-29T23:13:39.747Z"}
{"level":"info","message":"Reading file: /Users/pierrekhouzam/Desktop/magento-cypress-automation/cypress/reports/index_008.json","timestamp":"2025-04-29T23:13:39.747Z"}
{"level":"info","message":"Attempting to parse JSON from index_008.json","timestamp":"2025-04-29T23:13:39.749Z"}
{"level":"info","message":"Extracting test results from index_008.json","timestamp":"2025-04-29T23:13:39.751Z"}
{"level":"info","message":"Processing results array in index_008.json","resultCount":1,"timestamp":"2025-04-29T23:13:39.751Z"}
{"level":"info","message":"No direct tests in result 0 in index_008.json","timestamp":"2025-04-29T23:13:39.751Z"}
{"level":"info","message":"Processing suites in result 0 in index_008.json","suiteCount":1,"timestamp":"2025-04-29T23:13:39.752Z"}
{"level":"info","message":"Processing tests in suite 0.0 in index_008.json","testCount":1,"timestamp":"2025-04-29T23:13:39.752Z"}
{"level":"info","message":"Completed extracting test results from index_008.json","testCount":1,"timestamp":"2025-04-29T23:13:39.753Z"}
{"level":"info","message":"Extracted 1 test results from index_008.json","timestamp":"2025-04-29T23:13:39.753Z"}
{"level":"info","message":"Processing report: /Users/pierrekhouzam/Desktop/magento-cypress-automation/cypress/reports/index_009.json","timestamp":"2025-04-29T23:13:39.753Z"}
{"level":"info","message":"Reading file: /Users/pierrekhouzam/Desktop/magento-cypress-automation/cypress/reports/index_009.json","timestamp":"2025-04-29T23:13:39.753Z"}
{"level":"info","message":"Attempting to parse JSON from index_009.json","timestamp":"2025-04-29T23:13:39.763Z"}
{"level":"info","message":"Extracting test results from index_009.json","timestamp":"2025-04-29T23:13:39.770Z"}
{"level":"info","message":"Processing results array in index_009.json","resultCount":4,"timestamp":"2025-04-29T23:13:39.770Z"}
{"level":"info","message":"No direct tests in result 0 in index_009.json","timestamp":"2025-04-29T23:13:39.770Z"}
{"level":"info","message":"Processing suites in result 0 in index_009.json","suiteCount":1,"timestamp":"2025-04-29T23:13:39.770Z"}
{"level":"info","message":"Processing tests in suite 0.0 in index_009.json","testCount":1,"timestamp":"2025-04-29T23:13:39.770Z"}
{"level":"info","message":"No direct tests in result 1 in index_009.json","timestamp":"2025-04-29T23:13:39.771Z"}
{"level":"info","message":"Processing suites in result 1 in index_009.json","suiteCount":1,"timestamp":"2025-04-29T23:13:39.771Z"}
{"level":"info","message":"Processing tests in suite 1.0 in index_009.json","testCount":1,"timestamp":"2025-04-29T23:13:39.771Z"}
{"level":"info","message":"No direct tests in result 2 in index_009.json","timestamp":"2025-04-29T23:13:39.772Z"}
{"level":"info","message":"Processing suites in result 2 in index_009.json","suiteCount":1,"timestamp":"2025-04-29T23:13:39.772Z"}
{"level":"info","message":"Processing tests in suite 2.0 in index_009.json","testCount":1,"timestamp":"2025-04-29T23:13:39.772Z"}
{"level":"info","message":"No direct tests in result 3 in index_009.json","timestamp":"2025-04-29T23:13:39.773Z"}
{"level":"info","message":"Processing suites in result 3 in index_009.json","suiteCount":1,"timestamp":"2025-04-29T23:13:39.774Z"}
{"level":"info","message":"Processing tests in suite 3.0 in index_009.json","testCount":1,"timestamp":"2025-04-29T23:13:39.774Z"}
{"level":"info","message":"Completed extracting test results from index_009.json","testCount":4,"timestamp":"2025-04-29T23:13:39.777Z"}
{"level":"info","message":"Extracted 4 test results from index_009.json","timestamp":"2025-04-29T23:13:39.777Z"}
{"level":"info","message":"Processing report: /Users/pierrekhouzam/Desktop/magento-cypress-automation/cypress/reports/index_010.json","timestamp":"2025-04-29T23:13:39.777Z"}
{"level":"info","message":"Reading file: /Users/pierrekhouzam/Desktop/magento-cypress-automation/cypress/reports/index_010.json","timestamp":"2025-04-29T23:13:39.778Z"}
{"level":"info","message":"Attempting to parse JSON from index_010.json","timestamp":"2025-04-29T23:13:39.786Z"}
{"level":"info","message":"Extracting test results from index_010.json","timestamp":"2025-04-29T23:13:39.794Z"}
{"level":"info","message":"Processing results array in index_010.json","resultCount":4,"timestamp":"2025-04-29T23:13:39.795Z"}
{"level":"info","message":"No direct tests in result 0 in index_010.json","timestamp":"2025-04-29T23:13:39.795Z"}
{"level":"info","message":"Processing suites in result 0 in index_010.json","suiteCount":1,"timestamp":"2025-04-29T23:13:39.795Z"}
{"level":"info","message":"Processing tests in suite 0.0 in index_010.json","testCount":1,"timestamp":"2025-04-29T23:13:39.795Z"}
{"level":"info","message":"No direct tests in result 1 in index_010.json","timestamp":"2025-04-29T23:13:39.796Z"}
{"level":"info","message":"Processing suites in result 1 in index_010.json","suiteCount":1,"timestamp":"2025-04-29T23:13:39.796Z"}
{"level":"info","message":"Processing tests in suite 1.0 in index_010.json","testCount":1,"timestamp":"2025-04-29T23:13:39.796Z"}
{"level":"info","message":"No direct tests in result 2 in index_010.json","timestamp":"2025-04-29T23:13:39.797Z"}
{"level":"info","message":"Processing suites in result 2 in index_010.json","suiteCount":1,"timestamp":"2025-04-29T23:13:39.797Z"}
{"level":"info","message":"Processing tests in suite 2.0 in index_010.json","testCount":1,"timestamp":"2025-04-29T23:13:39.797Z"}
{"level":"info","message":"No direct tests in result 3 in index_010.json","timestamp":"2025-04-29T23:13:39.798Z"}
{"level":"info","message":"Processing suites in result 3 in index_010.json","suiteCount":1,"timestamp":"2025-04-29T23:13:39.798Z"}
{"level":"info","message":"Processing tests in suite 3.0 in index_010.json","testCount":1,"timestamp":"2025-04-29T23:13:39.798Z"}
{"level":"info","message":"Completed extracting test results from index_010.json","testCount":4,"timestamp":"2025-04-29T23:13:39.799Z"}
{"level":"info","message":"Extracted 4 test results from index_010.json","timestamp":"2025-04-29T23:13:39.799Z"}
{"level":"info","message":"Processing report: /Users/pierrekhouzam/Desktop/magento-cypress-automation/cypress/reports/index_011.json","timestamp":"2025-04-29T23:13:39.799Z"}
{"level":"info","message":"Reading file: /Users/pierrekhouzam/Desktop/magento-cypress-automation/cypress/reports/index_011.json","timestamp":"2025-04-29T23:13:39.799Z"}
{"level":"info","message":"Attempting to parse JSON from index_011.json","timestamp":"2025-04-29T23:13:39.804Z"}
{"level":"info","message":"Extracting test results from index_011.json","timestamp":"2025-04-29T23:13:39.814Z"}
{"level":"info","message":"Processing results array in index_011.json","resultCount":4,"timestamp":"2025-04-29T23:13:39.814Z"}
{"level":"info","message":"No direct tests in result 0 in index_011.json","timestamp":"2025-04-29T23:13:39.815Z"}
{"level":"info","message":"Processing suites in result 0 in index_011.json","suiteCount":1,"timestamp":"2025-04-29T23:13:39.815Z"}
{"level":"info","message":"Processing tests in suite 0.0 in index_011.json","testCount":1,"timestamp":"2025-04-29T23:13:39.815Z"}
{"level":"info","message":"No direct tests in result 1 in index_011.json","timestamp":"2025-04-29T23:13:39.816Z"}
{"level":"info","message":"Processing suites in result 1 in index_011.json","suiteCount":1,"timestamp":"2025-04-29T23:13:39.816Z"}
{"level":"info","message":"Processing tests in suite 1.0 in index_011.json","testCount":1,"timestamp":"2025-04-29T23:13:39.816Z"}
{"level":"info","message":"No direct tests in result 2 in index_011.json","timestamp":"2025-04-29T23:13:39.817Z"}
{"level":"info","message":"Processing suites in result 2 in index_011.json","suiteCount":1,"timestamp":"2025-04-29T23:13:39.817Z"}
{"level":"info","message":"Processing tests in suite 2.0 in index_011.json","testCount":1,"timestamp":"2025-04-29T23:13:39.817Z"}
{"level":"info","message":"No direct tests in result 3 in index_011.json","timestamp":"2025-04-29T23:13:39.818Z"}
{"level":"info","message":"Processing suites in result 3 in index_011.json","suiteCount":1,"timestamp":"2025-04-29T23:13:39.818Z"}
{"level":"info","message":"Processing tests in suite 3.0 in index_011.json","testCount":1,"timestamp":"2025-04-29T23:13:39.818Z"}
{"level":"info","message":"Completed extracting test results from index_011.json","testCount":4,"timestamp":"2025-04-29T23:13:39.819Z"}
{"level":"info","message":"Extracted 4 test results from index_011.json","timestamp":"2025-04-29T23:13:39.819Z"}
{"level":"info","message":"Processing report: /Users/pierrekhouzam/Desktop/magento-cypress-automation/cypress/reports/index_012.json","timestamp":"2025-04-29T23:13:39.819Z"}
{"level":"info","message":"Reading file: /Users/pierrekhouzam/Desktop/magento-cypress-automation/cypress/reports/index_012.json","timestamp":"2025-04-29T23:13:39.819Z"}
{"level":"info","message":"Attempting to parse JSON from index_012.json","timestamp":"2025-04-29T23:13:39.823Z"}
{"level":"info","message":"Extracting test results from index_012.json","timestamp":"2025-04-29T23:13:39.833Z"}
{"level":"info","message":"Processing results array in index_012.json","resultCount":4,"timestamp":"2025-04-29T23:13:39.833Z"}
{"level":"info","message":"No direct tests in result 0 in index_012.json","timestamp":"2025-04-29T23:13:39.833Z"}
{"level":"info","message":"Processing suites in result 0 in index_012.json","suiteCount":1,"timestamp":"2025-04-29T23:13:39.833Z"}
{"level":"info","message":"Processing tests in suite 0.0 in index_012.json","testCount":1,"timestamp":"2025-04-29T23:13:39.833Z"}
{"level":"info","message":"No direct tests in result 1 in index_012.json","timestamp":"2025-04-29T23:13:39.834Z"}
{"level":"info","message":"Processing suites in result 1 in index_012.json","suiteCount":1,"timestamp":"2025-04-29T23:13:39.834Z"}
{"level":"info","message":"Processing tests in suite 1.0 in index_012.json","testCount":1,"timestamp":"2025-04-29T23:13:39.834Z"}
{"level":"info","message":"No direct tests in result 2 in index_012.json","timestamp":"2025-04-29T23:13:39.835Z"}
{"level":"info","message":"Processing suites in result 2 in index_012.json","suiteCount":1,"timestamp":"2025-04-29T23:13:39.835Z"}
{"level":"info","message":"Processing tests in suite 2.0 in index_012.json","testCount":1,"timestamp":"2025-04-29T23:13:39.835Z"}
{"level":"info","message":"No direct tests in result 3 in index_012.json","timestamp":"2025-04-29T23:13:39.836Z"}
{"level":"info","message":"Processing suites in result 3 in index_012.json","suiteCount":1,"timestamp":"2025-04-29T23:13:39.836Z"}
{"level":"info","message":"Processing tests in suite 3.0 in index_012.json","testCount":1,"timestamp":"2025-04-29T23:13:39.836Z"}
{"level":"info","message":"Completed extracting test results from index_012.json","testCount":4,"timestamp":"2025-04-29T23:13:39.837Z"}
{"level":"info","message":"Extracted 4 test results from index_012.json","timestamp":"2025-04-29T23:13:39.837Z"}
{"level":"info","message":"Test title \"Test Case A: Registration flow with login validation Should register a new user and validate login\" appears 13 times across JSON files","timestamp":"2025-04-29T23:13:39.838Z"}
{"level":"info","message":"Test title \"Test Case A: Registration flow with login validation Should allow user to log in with registered credentials\" appears 3 times across JSON files","timestamp":"2025-04-29T23:13:39.838Z"}
{"level":"info","message":"Test title \"Test Case B: Place order with multiple products and validate price Should register and add multiple products to cart then verify total price\" appears 6 times across JSON files","timestamp":"2025-04-29T23:13:39.838Z"}
{"level":"info","message":"Test title \"Test Case C: Wishlist and Checkout Should add products to wishlist and checkout from wishlist\" appears 6 times across JSON files","timestamp":"2025-04-29T23:13:39.838Z"}
{"level":"info","message":"Test title \"Test Case D: Search and Validate Results Should search for a valid product and validate results, then search invalid and validate empty results\" appears 6 times across JSON files","timestamp":"2025-04-29T23:13:39.838Z"}
{"level":"info","message":"Ensured DB directory exists: /Users/pierrekhouzam/Desktop/magento-cypress-automation/cypress/db","timestamp":"2025-04-29T23:13:39.841Z"}
{"level":"info","message":"Test history saved to /Users/pierrekhouzam/Desktop/magento-cypress-automation/cypress/db/test-history.json","testCount":5,"timestamp":"2025-04-29T23:13:39.845Z"}
{"level":"info","message":"Flaky test detection completed.","testsProcessed":34,"timestamp":"2025-04-29T23:13:39.846Z","uniqueTests":5}
{"level":"info","message":"Starting AI-powered flakiness analysis...","timestamp":"2025-04-29T23:13:39.847Z"}
{"level":"info","message":"Ensured DB directory exists: /Users/pierrekhouzam/Desktop/magento-cypress-automation/cypress/db","timestamp":"2025-04-29T23:13:39.847Z"}
{"level":"info","message":"Test history loaded from /Users/pierrekhouzam/Desktop/magento-cypress-automation/cypress/db/test-history.json","testCount":5,"timestamp":"2025-04-29T23:13:39.848Z"}
{"level":"info","message":"Training AI model with historical test data...","timestamp":"2025-04-29T23:13:39.848Z"}
{"file":"cypress/db/flaky-model.json","level":"info","message":"ML model loaded from","timestamp":"2025-04-29T23:13:39.850Z"}
{"level":"info","message":"Using cached ML model","timestamp":"2025-04-29T23:13:39.851Z"}
{"0":{"feature":"0","score":"NaN%"},"1":{"feature":"1","score":"NaN%"},"2":{"feature":"2","score":"NaN%"},"3":{"feature":"3","score":"NaN%"},"4":{"feature":"4","score":"NaN%"},"5":{"feature":"5","score":"NaN%"},"6":{"feature":"6","score":"NaN%"},"7":{"feature":"7","score":"NaN%"},"8":{"feature":"8","score":"NaN%"},"level":"info","message":"Feature Importance:","timestamp":"2025-04-29T23:13:39.851Z"}
{"level":"info","message":"Analyzing tests for flakiness","testCount":5,"timestamp":"2025-04-29T23:13:39.851Z"}
{"filePath":"cypress/reports/predictions/predictions-2025-04-29T23-13-39-855Z.json","level":"info","message":"Predictions saved","timestamp":"2025-04-29T23:13:39.855Z"}
{"level":"info","message":"Starting flaky test detection...","timestamp":"2025-04-29T23:32:10.207Z"}
{"level":"info","message":"Verifying report directory: /Users/pierrekhouzam/Desktop/magento-cypress-automation/cypress/reports","timestamp":"2025-04-29T23:32:10.214Z"}
{"level":"info","message":"Scanning report directory: /Users/pierrekhouzam/Desktop/magento-cypress-automation/cypress/reports","timestamp":"2025-04-29T23:32:10.215Z"}
{"level":"info","message":"Found files in directory: .DS_Store, flaky-tests-report.html, index.html, index.json, index_001.html, index_001.json, index_002.html, index_002.json, index_003.html, index_003.json, index_004.html, index_004.json, index_005.html, index_005.json, index_006.html, index_006.json, index_007.html, index_007.json, index_008.html, index_008.json, index_009.html, index_009.json, index_010.html, index_010.json, index_011.html, index_011.json, index_012.html, index_012.json, predictions","timestamp":"2025-04-29T23:32:10.218Z"}
{"level":"info","message":"Found JSON files: index.json, index_001.json, index_002.json, index_003.json, index_004.json, index_005.json, index_006.json, index_007.json, index_008.json, index_009.json, index_010.json, index_011.json, index_012.json","timestamp":"2025-04-29T23:32:10.218Z"}
{"level":"info","message":"Processing report: /Users/pierrekhouzam/Desktop/magento-cypress-automation/cypress/reports/index.json","timestamp":"2025-04-29T23:32:10.219Z"}
{"level":"info","message":"Reading file: /Users/pierrekhouzam/Desktop/magento-cypress-automation/cypress/reports/index.json","timestamp":"2025-04-29T23:32:10.219Z"}
{"level":"info","message":"Attempting to parse JSON from index.json","timestamp":"2025-04-29T23:32:10.226Z"}
{"level":"info","message":"Extracting test results from index.json","timestamp":"2025-04-29T23:32:10.232Z"}
{"level":"info","message":"Processing results array in index.json","resultCount":1,"timestamp":"2025-04-29T23:32:10.233Z"}
{"level":"info","message":"No direct tests in result 0 in index.json","timestamp":"2025-04-29T23:32:10.234Z"}
{"level":"info","message":"Processing suites in result 0 in index.json","suiteCount":1,"timestamp":"2025-04-29T23:32:10.235Z"}
{"level":"info","message":"Processing tests in suite 0.0 in index.json","testCount":2,"timestamp":"2025-04-29T23:32:10.235Z"}
{"level":"info","message":"Completed extracting test results from index.json","testCount":2,"timestamp":"2025-04-29T23:32:10.237Z"}
{"level":"info","message":"Extracted 2 test results from index.json","timestamp":"2025-04-29T23:32:10.237Z"}
{"level":"info","message":"Processing report: /Users/pierrekhouzam/Desktop/magento-cypress-automation/cypress/reports/index_001.json","timestamp":"2025-04-29T23:32:10.237Z"}
{"level":"info","message":"Reading file: /Users/pierrekhouzam/Desktop/magento-cypress-automation/cypress/reports/index_001.json","timestamp":"2025-04-29T23:32:10.237Z"}
{"level":"info","message":"Attempting to parse JSON from index_001.json","timestamp":"2025-04-29T23:32:10.242Z"}
{"level":"info","message":"Extracting test results from index_001.json","timestamp":"2025-04-29T23:32:10.246Z"}
{"level":"info","message":"Processing results array in index_001.json","resultCount":1,"timestamp":"2025-04-29T23:32:10.247Z"}
{"level":"info","message":"No direct tests in result 0 in index_001.json","timestamp":"2025-04-29T23:32:10.247Z"}
{"level":"info","message":"Processing suites in result 0 in index_001.json","suiteCount":1,"timestamp":"2025-04-29T23:32:10.247Z"}
{"level":"info","message":"Processing tests in suite 0.0 in index_001.json","testCount":2,"timestamp":"2025-04-29T23:32:10.247Z"}
{"level":"info","message":"Completed extracting test results from index_001.json","testCount":2,"timestamp":"2025-04-29T23:32:10.249Z"}
{"level":"info","message":"Extracted 2 test results from index_001.json","timestamp":"2025-04-29T23:32:10.250Z"}
{"level":"info","message":"Processing report: /Users/pierrekhouzam/Desktop/magento-cypress-automation/cypress/reports/index_002.json","timestamp":"2025-04-29T23:32:10.250Z"}
{"level":"info","message":"Reading file: /Users/pierrekhouzam/Desktop/magento-cypress-automation/cypress/reports/index_002.json","timestamp":"2025-04-29T23:32:10.250Z"}
{"level":"info","message":"Attempting to parse JSON from index_002.json","timestamp":"2025-04-29T23:32:10.257Z"}
{"level":"info","message":"Extracting test results from index_002.json","timestamp":"2025-04-29T23:32:10.262Z"}
{"level":"info","message":"Processing results array in index_002.json","resultCount":1,"timestamp":"2025-04-29T23:32:10.262Z"}
{"level":"info","message":"No direct tests in result 0 in index_002.json","timestamp":"2025-04-29T23:32:10.262Z"}
{"level":"info","message":"Processing suites in result 0 in index_002.json","suiteCount":1,"timestamp":"2025-04-29T23:32:10.262Z"}
{"level":"info","message":"Processing tests in suite 0.0 in index_002.json","testCount":2,"timestamp":"2025-04-29T23:32:10.262Z"}
{"level":"info","message":"Completed extracting test results from index_002.json","testCount":2,"timestamp":"2025-04-29T23:32:10.265Z"}
{"level":"info","message":"Extracted 2 test results from index_002.json","timestamp":"2025-04-29T23:32:10.265Z"}
{"level":"info","message":"Processing report: /Users/pierrekhouzam/Desktop/magento-cypress-automation/cypress/reports/index_003.json","timestamp":"2025-04-29T23:32:10.265Z"}
{"level":"info","message":"Reading file: /Users/pierrekhouzam/Desktop/magento-cypress-automation/cypress/reports/index_003.json","timestamp":"2025-04-29T23:32:10.265Z"}
{"level":"info","message":"Attempting to parse JSON from index_003.json","timestamp":"2025-04-29T23:32:10.269Z"}
{"level":"info","message":"Extracting test results from index_003.json","timestamp":"2025-04-29T23:32:10.271Z"}
{"level":"info","message":"Processing results array in index_003.json","resultCount":1,"timestamp":"2025-04-29T23:32:10.271Z"}
{"level":"info","message":"No direct tests in result 0 in index_003.json","timestamp":"2025-04-29T23:32:10.271Z"}
{"level":"info","message":"Processing suites in result 0 in index_003.json","suiteCount":1,"timestamp":"2025-04-29T23:32:10.271Z"}
{"level":"info","message":"Processing tests in suite 0.0 in index_003.json","testCount":1,"timestamp":"2025-04-29T23:32:10.271Z"}
{"level":"info","message":"Completed extracting test results from index_003.json","testCount":1,"timestamp":"2025-04-29T23:32:10.272Z"}
{"level":"info","message":"Extracted 1 test results from index_003.json","timestamp":"2025-04-29T23:32:10.273Z"}
{"level":"info","message":"Processing report: /Users/pierrekhouzam/Desktop/magento-cypress-automation/cypress/reports/index_004.json","timestamp":"2025-04-29T23:32:10.273Z"}
{"level":"info","message":"Reading file: /Users/pierrekhouzam/Desktop/magento-cypress-automation/cypress/reports/index_004.json","timestamp":"2025-04-29T23:32:10.273Z"}
{"level":"info","message":"Attempting to parse JSON from index_004.json","timestamp":"2025-04-29T23:32:10.275Z"}
{"level":"info","message":"Extracting test results from index_004.json","timestamp":"2025-04-29T23:32:10.279Z"}
{"level":"info","message":"Processing results array in index_004.json","resultCount":1,"timestamp":"2025-04-29T23:32:10.279Z"}
{"level":"info","message":"No direct tests in result 0 in index_004.json","timestamp":"2025-04-29T23:32:10.279Z"}
{"level":"info","message":"Processing suites in result 0 in index_004.json","suiteCount":1,"timestamp":"2025-04-29T23:32:10.279Z"}
{"level":"info","message":"Processing tests in suite 0.0 in index_004.json","testCount":1,"timestamp":"2025-04-29T23:32:10.279Z"}
{"level":"info","message":"Completed extracting test results from index_004.json","testCount":1,"timestamp":"2025-04-29T23:32:10.281Z"}
{"level":"info","message":"Extracted 1 test results from index_004.json","timestamp":"2025-04-29T23:32:10.281Z"}
{"level":"info","message":"Processing report: /Users/pierrekhouzam/Desktop/magento-cypress-automation/cypress/reports/index_005.json","timestamp":"2025-04-29T23:32:10.281Z"}
{"level":"info","message":"Reading file: /Users/pierrekhouzam/Desktop/magento-cypress-automation/cypress/reports/index_005.json","timestamp":"2025-04-29T23:32:10.281Z"}
{"level":"info","message":"Attempting to parse JSON from index_005.json","timestamp":"2025-04-29T23:32:10.287Z"}
{"level":"info","message":"Extracting test results from index_005.json","timestamp":"2025-04-29T23:32:10.295Z"}
{"level":"info","message":"Processing results array in index_005.json","resultCount":4,"timestamp":"2025-04-29T23:32:10.296Z"}
{"level":"info","message":"No direct tests in result 0 in index_005.json","timestamp":"2025-04-29T23:32:10.296Z"}
{"level":"info","message":"Processing suites in result 0 in index_005.json","suiteCount":1,"timestamp":"2025-04-29T23:32:10.296Z"}
{"level":"info","message":"Processing tests in suite 0.0 in index_005.json","testCount":1,"timestamp":"2025-04-29T23:32:10.296Z"}
{"level":"info","message":"No direct tests in result 1 in index_005.json","timestamp":"2025-04-29T23:32:10.297Z"}
{"level":"info","message":"Processing suites in result 1 in index_005.json","suiteCount":1,"timestamp":"2025-04-29T23:32:10.297Z"}
{"level":"info","message":"Processing tests in suite 1.0 in index_005.json","testCount":1,"timestamp":"2025-04-29T23:32:10.297Z"}
{"level":"info","message":"No direct tests in result 2 in index_005.json","timestamp":"2025-04-29T23:32:10.298Z"}
{"level":"info","message":"Processing suites in result 2 in index_005.json","suiteCount":1,"timestamp":"2025-04-29T23:32:10.299Z"}
{"level":"info","message":"Processing tests in suite 2.0 in index_005.json","testCount":1,"timestamp":"2025-04-29T23:32:10.299Z"}
{"level":"info","message":"No direct tests in result 3 in index_005.json","timestamp":"2025-04-29T23:32:10.300Z"}
{"level":"info","message":"Processing suites in result 3 in index_005.json","suiteCount":1,"timestamp":"2025-04-29T23:32:10.300Z"}
{"level":"info","message":"Processing tests in suite 3.0 in index_005.json","testCount":1,"timestamp":"2025-04-29T23:32:10.300Z"}
{"level":"info","message":"Completed extracting test results from index_005.json","testCount":4,"timestamp":"2025-04-29T23:32:10.301Z"}
{"level":"info","message":"Extracted 4 test results from index_005.json","timestamp":"2025-04-29T23:32:10.301Z"}
{"level":"info","message":"Processing report: /Users/pierrekhouzam/Desktop/magento-cypress-automation/cypress/reports/index_006.json","timestamp":"2025-04-29T23:32:10.302Z"}
{"level":"info","message":"Reading file: /Users/pierrekhouzam/Desktop/magento-cypress-automation/cypress/reports/index_006.json","timestamp":"2025-04-29T23:32:10.302Z"}
{"level":"info","message":"Attempting to parse JSON from index_006.json","timestamp":"2025-04-29T23:32:10.307Z"}
{"level":"info","message":"Extracting test results from index_006.json","timestamp":"2025-04-29T23:32:10.317Z"}
{"level":"info","message":"Processing results array in index_006.json","resultCount":4,"timestamp":"2025-04-29T23:32:10.318Z"}
{"level":"info","message":"No direct tests in result 0 in index_006.json","timestamp":"2025-04-29T23:32:10.318Z"}
{"level":"info","message":"Processing suites in result 0 in index_006.json","suiteCount":1,"timestamp":"2025-04-29T23:32:10.318Z"}
{"level":"info","message":"Processing tests in suite 0.0 in index_006.json","testCount":1,"timestamp":"2025-04-29T23:32:10.318Z"}
{"level":"info","message":"No direct tests in result 1 in index_006.json","timestamp":"2025-04-29T23:32:10.319Z"}
{"level":"info","message":"Processing suites in result 1 in index_006.json","suiteCount":1,"timestamp":"2025-04-29T23:32:10.319Z"}
{"level":"info","message":"Processing tests in suite 1.0 in index_006.json","testCount":1,"timestamp":"2025-04-29T23:32:10.319Z"}
{"level":"info","message":"No direct tests in result 2 in index_006.json","timestamp":"2025-04-29T23:32:10.320Z"}
{"level":"info","message":"Processing suites in result 2 in index_006.json","suiteCount":1,"timestamp":"2025-04-29T23:32:10.320Z"}
{"level":"info","message":"Processing tests in suite 2.0 in index_006.json","testCount":1,"timestamp":"2025-04-29T23:32:10.320Z"}
{"level":"info","message":"No direct tests in result 3 in index_006.json","timestamp":"2025-04-29T23:32:10.321Z"}
{"level":"info","message":"Processing suites in result 3 in index_006.json","suiteCount":1,"timestamp":"2025-04-29T23:32:10.321Z"}
{"level":"info","message":"Processing tests in suite 3.0 in index_006.json","testCount":1,"timestamp":"2025-04-29T23:32:10.321Z"}
{"level":"info","message":"Completed extracting test results from index_006.json","testCount":4,"timestamp":"2025-04-29T23:32:10.322Z"}
{"level":"info","message":"Extracted 4 test results from index_006.json","timestamp":"2025-04-29T23:32:10.322Z"}
{"level":"info","message":"Processing report: /Users/pierrekhouzam/Desktop/magento-cypress-automation/cypress/reports/index_007.json","timestamp":"2025-04-29T23:32:10.322Z"}
{"level":"info","message":"Reading file: /Users/pierrekhouzam/Desktop/magento-cypress-automation/cypress/reports/index_007.json","timestamp":"2025-04-29T23:32:10.322Z"}
{"level":"info","message":"Attempting to parse JSON from index_007.json","timestamp":"2025-04-29T23:32:10.326Z"}
{"level":"info","message":"Extracting test results from index_007.json","timestamp":"2025-04-29T23:32:10.328Z"}
{"level":"info","message":"Processing results array in index_007.json","resultCount":1,"timestamp":"2025-04-29T23:32:10.328Z"}
{"level":"info","message":"No direct tests in result 0 in index_007.json","timestamp":"2025-04-29T23:32:10.328Z"}
{"level":"info","message":"Processing suites in result 0 in index_007.json","suiteCount":1,"timestamp":"2025-04-29T23:32:10.328Z"}
{"level":"info","message":"Processing tests in suite 0.0 in index_007.json","testCount":1,"timestamp":"2025-04-29T23:32:10.329Z"}
{"level":"info","message":"Completed extracting test results from index_007.json","testCount":1,"timestamp":"2025-04-29T23:32:10.330Z"}
{"level":"info","message":"Extracted 1 test results from index_007.json","timestamp":"2025-04-29T23:32:10.330Z"}
{"level":"info","message":"Processing report: /Users/pierrekhouzam/Desktop/magento-cypress-automation/cypress/reports/index_008.json","timestamp":"2025-04-29T23:32:10.330Z"}
{"level":"info","message":"Reading file: /Users/pierrekhouzam/Desktop/magento-cypress-automation/cypress/reports/index_008.json","timestamp":"2025-04-29T23:32:10.330Z"}
{"level":"info","message":"Attempting to parse JSON from index_008.json","timestamp":"2025-04-29T23:32:10.333Z"}
{"level":"info","message":"Extracting test results from index_008.json","timestamp":"2025-04-29T23:32:10.336Z"}
{"level":"info","message":"Processing results array in index_008.json","resultCount":1,"timestamp":"2025-04-29T23:32:10.336Z"}
{"level":"info","message":"No direct tests in result 0 in index_008.json","timestamp":"2025-04-29T23:32:10.336Z"}
{"level":"info","message":"Processing suites in result 0 in index_008.json","suiteCount":1,"timestamp":"2025-04-29T23:32:10.336Z"}
{"level":"info","message":"Processing tests in suite 0.0 in index_008.json","testCount":1,"timestamp":"2025-04-29T23:32:10.336Z"}
{"level":"info","message":"Completed extracting test results from index_008.json","testCount":1,"timestamp":"2025-04-29T23:32:10.337Z"}
{"level":"info","message":"Extracted 1 test results from index_008.json","timestamp":"2025-04-29T23:32:10.337Z"}
{"level":"info","message":"Processing report: /Users/pierrekhouzam/Desktop/magento-cypress-automation/cypress/reports/index_009.json","timestamp":"2025-04-29T23:32:10.337Z"}
{"level":"info","message":"Reading file: /Users/pierrekhouzam/Desktop/magento-cypress-automation/cypress/reports/index_009.json","timestamp":"2025-04-29T23:32:10.337Z"}
{"level":"info","message":"Attempting to parse JSON from index_009.json","timestamp":"2025-04-29T23:32:10.344Z"}
{"level":"info","message":"Extracting test results from index_009.json","timestamp":"2025-04-29T23:32:10.353Z"}
{"level":"info","message":"Processing results array in index_009.json","resultCount":4,"timestamp":"2025-04-29T23:32:10.353Z"}
{"level":"info","message":"No direct tests in result 0 in index_009.json","timestamp":"2025-04-29T23:32:10.353Z"}
{"level":"info","message":"Processing suites in result 0 in index_009.json","suiteCount":1,"timestamp":"2025-04-29T23:32:10.353Z"}
{"level":"info","message":"Processing tests in suite 0.0 in index_009.json","testCount":1,"timestamp":"2025-04-29T23:32:10.353Z"}
{"level":"info","message":"No direct tests in result 1 in index_009.json","timestamp":"2025-04-29T23:32:10.354Z"}
{"level":"info","message":"Processing suites in result 1 in index_009.json","suiteCount":1,"timestamp":"2025-04-29T23:32:10.354Z"}
{"level":"info","message":"Processing tests in suite 1.0 in index_009.json","testCount":1,"timestamp":"2025-04-29T23:32:10.354Z"}
{"level":"info","message":"No direct tests in result 2 in index_009.json","timestamp":"2025-04-29T23:32:10.355Z"}
{"level":"info","message":"Processing suites in result 2 in index_009.json","suiteCount":1,"timestamp":"2025-04-29T23:32:10.355Z"}
{"level":"info","message":"Processing tests in suite 2.0 in index_009.json","testCount":1,"timestamp":"2025-04-29T23:32:10.355Z"}
{"level":"info","message":"No direct tests in result 3 in index_009.json","timestamp":"2025-04-29T23:32:10.356Z"}
{"level":"info","message":"Processing suites in result 3 in index_009.json","suiteCount":1,"timestamp":"2025-04-29T23:32:10.356Z"}
{"level":"info","message":"Processing tests in suite 3.0 in index_009.json","testCount":1,"timestamp":"2025-04-29T23:32:10.356Z"}
{"level":"info","message":"Completed extracting test results from index_009.json","testCount":4,"timestamp":"2025-04-29T23:32:10.357Z"}
{"level":"info","message":"Extracted 4 test results from index_009.json","timestamp":"2025-04-29T23:32:10.357Z"}
{"level":"info","message":"Processing report: /Users/pierrekhouzam/Desktop/magento-cypress-automation/cypress/reports/index_010.json","timestamp":"2025-04-29T23:32:10.357Z"}
{"level":"info","message":"Reading file: /Users/pierrekhouzam/Desktop/magento-cypress-automation/cypress/reports/index_010.json","timestamp":"2025-04-29T23:32:10.357Z"}
{"level":"info","message":"Attempting to parse JSON from index_010.json","timestamp":"2025-04-29T23:32:10.365Z"}
{"level":"info","message":"Extracting test results from index_010.json","timestamp":"2025-04-29T23:32:10.373Z"}
{"level":"info","message":"Processing results array in index_010.json","resultCount":4,"timestamp":"2025-04-29T23:32:10.373Z"}
{"level":"info","message":"No direct tests in result 0 in index_010.json","timestamp":"2025-04-29T23:32:10.373Z"}
{"level":"info","message":"Processing suites in result 0 in index_010.json","suiteCount":1,"timestamp":"2025-04-29T23:32:10.373Z"}
{"level":"info","message":"Processing tests in suite 0.0 in index_010.json","testCount":1,"timestamp":"2025-04-29T23:32:10.373Z"}
{"level":"info","message":"No direct tests in result 1 in index_010.json","timestamp":"2025-04-29T23:32:10.374Z"}
{"level":"info","message":"Processing suites in result 1 in index_010.json","suiteCount":1,"timestamp":"2025-04-29T23:32:10.374Z"}
{"level":"info","message":"Processing tests in suite 1.0 in index_010.json","testCount":1,"timestamp":"2025-04-29T23:32:10.374Z"}
{"level":"info","message":"No direct tests in result 2 in index_010.json","timestamp":"2025-04-29T23:32:10.375Z"}
{"level":"info","message":"Processing suites in result 2 in index_010.json","suiteCount":1,"timestamp":"2025-04-29T23:32:10.376Z"}
{"level":"info","message":"Processing tests in suite 2.0 in index_010.json","testCount":1,"timestamp":"2025-04-29T23:32:10.376Z"}
{"level":"info","message":"No direct tests in result 3 in index_010.json","timestamp":"2025-04-29T23:32:10.377Z"}
{"level":"info","message":"Processing suites in result 3 in index_010.json","suiteCount":1,"timestamp":"2025-04-29T23:32:10.377Z"}
{"level":"info","message":"Processing tests in suite 3.0 in index_010.json","testCount":1,"timestamp":"2025-04-29T23:32:10.379Z"}
{"level":"info","message":"Completed extracting test results from index_010.json","testCount":4,"timestamp":"2025-04-29T23:32:10.380Z"}
{"level":"info","message":"Extracted 4 test results from index_010.json","timestamp":"2025-04-29T23:32:10.380Z"}
{"level":"info","message":"Processing report: /Users/pierrekhouzam/Desktop/magento-cypress-automation/cypress/reports/index_011.json","timestamp":"2025-04-29T23:32:10.380Z"}
{"level":"info","message":"Reading file: /Users/pierrekhouzam/Desktop/magento-cypress-automation/cypress/reports/index_011.json","timestamp":"2025-04-29T23:32:10.380Z"}
{"level":"info","message":"Attempting to parse JSON from index_011.json","timestamp":"2025-04-29T23:32:10.388Z"}
{"level":"info","message":"Extracting test results from index_011.json","timestamp":"2025-04-29T23:32:10.397Z"}
{"level":"info","message":"Processing results array in index_011.json","resultCount":4,"timestamp":"2025-04-29T23:32:10.397Z"}
{"level":"info","message":"No direct tests in result 0 in index_011.json","timestamp":"2025-04-29T23:32:10.397Z"}
{"level":"info","message":"Processing suites in result 0 in index_011.json","suiteCount":1,"timestamp":"2025-04-29T23:32:10.397Z"}
{"level":"info","message":"Processing tests in suite 0.0 in index_011.json","testCount":1,"timestamp":"2025-04-29T23:32:10.397Z"}
{"level":"info","message":"No direct tests in result 1 in index_011.json","timestamp":"2025-04-29T23:32:10.398Z"}
{"level":"info","message":"Processing suites in result 1 in index_011.json","suiteCount":1,"timestamp":"2025-04-29T23:32:10.398Z"}
{"level":"info","message":"Processing tests in suite 1.0 in index_011.json","testCount":1,"timestamp":"2025-04-29T23:32:10.399Z"}
{"level":"info","message":"No direct tests in result 2 in index_011.json","timestamp":"2025-04-29T23:32:10.400Z"}
{"level":"info","message":"Processing suites in result 2 in index_011.json","suiteCount":1,"timestamp":"2025-04-29T23:32:10.400Z"}
{"level":"info","message":"Processing tests in suite 2.0 in index_011.json","testCount":1,"timestamp":"2025-04-29T23:32:10.400Z"}
{"level":"info","message":"No direct tests in result 3 in index_011.json","timestamp":"2025-04-29T23:32:10.401Z"}
{"level":"info","message":"Processing suites in result 3 in index_011.json","suiteCount":1,"timestamp":"2025-04-29T23:32:10.401Z"}
{"level":"info","message":"Processing tests in suite 3.0 in index_011.json","testCount":1,"timestamp":"2025-04-29T23:32:10.401Z"}
{"level":"info","message":"Completed extracting test results from index_011.json","testCount":4,"timestamp":"2025-04-29T23:32:10.402Z"}
{"level":"info","message":"Extracted 4 test results from index_011.json","timestamp":"2025-04-29T23:32:10.402Z"}
{"level":"info","message":"Processing report: /Users/pierrekhouzam/Desktop/magento-cypress-automation/cypress/reports/index_012.json","timestamp":"2025-04-29T23:32:10.402Z"}
{"level":"info","message":"Reading file: /Users/pierrekhouzam/Desktop/magento-cypress-automation/cypress/reports/index_012.json","timestamp":"2025-04-29T23:32:10.402Z"}
{"level":"info","message":"Attempting to parse JSON from index_012.json","timestamp":"2025-04-29T23:32:10.407Z"}
{"level":"info","message":"Extracting test results from index_012.json","timestamp":"2025-04-29T23:32:10.417Z"}
{"level":"info","message":"Processing results array in index_012.json","resultCount":4,"timestamp":"2025-04-29T23:32:10.417Z"}
{"level":"info","message":"No direct tests in result 0 in index_012.json","timestamp":"2025-04-29T23:32:10.417Z"}
{"level":"info","message":"Processing suites in result 0 in index_012.json","suiteCount":1,"timestamp":"2025-04-29T23:32:10.417Z"}
{"level":"info","message":"Processing tests in suite 0.0 in index_012.json","testCount":1,"timestamp":"2025-04-29T23:32:10.417Z"}
{"level":"info","message":"No direct tests in result 1 in index_012.json","timestamp":"2025-04-29T23:32:10.418Z"}
{"level":"info","message":"Processing suites in result 1 in index_012.json","suiteCount":1,"timestamp":"2025-04-29T23:32:10.418Z"}
{"level":"info","message":"Processing tests in suite 1.0 in index_012.json","testCount":1,"timestamp":"2025-04-29T23:32:10.418Z"}
{"level":"info","message":"No direct tests in result 2 in index_012.json","timestamp":"2025-04-29T23:32:10.419Z"}
{"level":"info","message":"Processing suites in result 2 in index_012.json","suiteCount":1,"timestamp":"2025-04-29T23:32:10.419Z"}
{"level":"info","message":"Processing tests in suite 2.0 in index_012.json","testCount":1,"timestamp":"2025-04-29T23:32:10.419Z"}
{"level":"info","message":"No direct tests in result 3 in index_012.json","timestamp":"2025-04-29T23:32:10.420Z"}
{"level":"info","message":"Processing suites in result 3 in index_012.json","suiteCount":1,"timestamp":"2025-04-29T23:32:10.420Z"}
{"level":"info","message":"Processing tests in suite 3.0 in index_012.json","testCount":1,"timestamp":"2025-04-29T23:32:10.420Z"}
{"level":"info","message":"Completed extracting test results from index_012.json","testCount":4,"timestamp":"2025-04-29T23:32:10.421Z"}
{"level":"info","message":"Extracted 4 test results from index_012.json","timestamp":"2025-04-29T23:32:10.421Z"}
{"level":"info","message":"Test title \"Test Case A: Registration flow with login validation Should register a new user and validate login\" appears 13 times across JSON files","timestamp":"2025-04-29T23:32:10.421Z"}
{"level":"info","message":"Test title \"Test Case A: Registration flow with login validation Should allow user to log in with registered credentials\" appears 3 times across JSON files","timestamp":"2025-04-29T23:32:10.421Z"}
{"level":"info","message":"Test title \"Test Case B: Place order with multiple products and validate price Should register and add multiple products to cart then verify total price\" appears 6 times across JSON files","timestamp":"2025-04-29T23:32:10.422Z"}
{"level":"info","message":"Test title \"Test Case C: Wishlist and Checkout Should add products to wishlist and checkout from wishlist\" appears 6 times across JSON files","timestamp":"2025-04-29T23:32:10.422Z"}
{"level":"info","message":"Test title \"Test Case D: Search and Validate Results Should search for a valid product and validate results, then search invalid and validate empty results\" appears 6 times across JSON files","timestamp":"2025-04-29T23:32:10.422Z"}
{"level":"info","message":"Ensured DB directory exists: /Users/pierrekhouzam/Desktop/magento-cypress-automation/cypress/db","timestamp":"2025-04-29T23:32:10.424Z"}
{"level":"info","message":"Test history saved to /Users/pierrekhouzam/Desktop/magento-cypress-automation/cypress/db/test-history.json","testCount":5,"timestamp":"2025-04-29T23:32:10.426Z"}
{"level":"info","message":"Flaky test detection completed.","testsProcessed":34,"timestamp":"2025-04-29T23:32:10.429Z","uniqueTests":5}
{"level":"info","message":"Starting AI-powered flakiness analysis...","timestamp":"2025-04-29T23:32:10.430Z"}
{"level":"info","message":"Ensured DB directory exists: /Users/pierrekhouzam/Desktop/magento-cypress-automation/cypress/db","timestamp":"2025-04-29T23:32:10.430Z"}
{"level":"info","message":"Test history loaded from /Users/pierrekhouzam/Desktop/magento-cypress-automation/cypress/db/test-history.json","testCount":5,"timestamp":"2025-04-29T23:32:10.431Z"}
{"level":"info","message":"Training AI model with historical test data...","timestamp":"2025-04-29T23:32:10.431Z"}
{"file":"cypress/db/flaky-model.json","level":"info","message":"ML model loaded from","timestamp":"2025-04-29T23:32:10.434Z"}
{"level":"info","message":"Using cached ML model","timestamp":"2025-04-29T23:32:10.434Z"}
{"0":{"feature":"0","score":"NaN%"},"1":{"feature":"1","score":"NaN%"},"2":{"feature":"2","score":"NaN%"},"3":{"feature":"3","score":"NaN%"},"4":{"feature":"4","score":"NaN%"},"5":{"feature":"5","score":"NaN%"},"6":{"feature":"6","score":"NaN%"},"7":{"feature":"7","score":"NaN%"},"8":{"feature":"8","score":"NaN%"},"level":"info","message":"Feature Importance:","timestamp":"2025-04-29T23:32:10.434Z"}
{"level":"info","message":"Analyzing tests for flakiness","testCount":5,"timestamp":"2025-04-29T23:32:10.435Z"}
{"filePath":"cypress/reports/predictions/predictions-2025-04-29T23-32-10-438Z.json","level":"info","message":"Predictions saved","timestamp":"2025-04-29T23:32:10.438Z"}
{"level":"info","message":"Ensured DB directory exists: /Users/pierrekhouzam/Desktop/magento-cypress-automation/cypress/db","timestamp":"2025-04-29T23:32:10.439Z"}
{"level":"info","message":"Test history loaded from /Users/pierrekhouzam/Desktop/magento-cypress-automation/cypress/db/test-history.json","testCount":5,"timestamp":"2025-04-29T23:32:10.440Z"}
{"level":"info","message":"Starting AI-powered flakiness analysis...","timestamp":"2025-04-29T23:32:10.440Z"}
{"level":"info","message":"Ensured DB directory exists: /Users/pierrekhouzam/Desktop/magento-cypress-automation/cypress/db","timestamp":"2025-04-29T23:32:10.440Z"}
{"level":"info","message":"Test history loaded from /Users/pierrekhouzam/Desktop/magento-cypress-automation/cypress/db/test-history.json","testCount":5,"timestamp":"2025-04-29T23:32:10.440Z"}
{"level":"info","message":"Training AI model with historical test data...","timestamp":"2025-04-29T23:32:10.441Z"}
{"file":"cypress/db/flaky-model.json","level":"info","message":"ML model loaded from","timestamp":"2025-04-29T23:32:10.441Z"}
{"level":"info","message":"Using cached ML model","timestamp":"2025-04-29T23:32:10.441Z"}
{"0":{"feature":"0","score":"NaN%"},"1":{"feature":"1","score":"NaN%"},"2":{"feature":"2","score":"NaN%"},"3":{"feature":"3","score":"NaN%"},"4":{"feature":"4","score":"NaN%"},"5":{"feature":"5","score":"NaN%"},"6":{"feature":"6","score":"NaN%"},"7":{"feature":"7","score":"NaN%"},"8":{"feature":"8","score":"NaN%"},"level":"info","message":"Feature Importance:","timestamp":"2025-04-29T23:32:10.442Z"}
{"level":"info","message":"Analyzing tests for flakiness","testCount":5,"timestamp":"2025-04-29T23:32:10.442Z"}
{"filePath":"cypress/reports/predictions/predictions-2025-04-29T23-32-10-443Z.json","level":"info","message":"Predictions saved","timestamp":"2025-04-29T23:32:10.446Z"}
{"level":"info","message":"Ensured DB directory exists: /Users/pierrekhouzam/Desktop/magento-cypress-automation/cypress/db","timestamp":"2025-04-29T23:32:10.447Z"}
{"level":"info","message":"Test history saved to /Users/pierrekhouzam/Desktop/magento-cypress-automation/cypress/db/test-history.json","testCount":5,"timestamp":"2025-04-29T23:32:10.448Z"}
{"level":"info","message":"Updated test history with AI recommendations","timestamp":"2025-04-29T23:32:10.448Z"}
{"level":"info","message":"Starting flaky test detection...","timestamp":"2025-04-29T23:56:12.972Z"}
{"level":"info","message":"Verifying report directory: /Users/pierrekhouzam/Desktop/magento-cypress-automation/cypress/reports","timestamp":"2025-04-29T23:56:12.977Z"}
{"level":"info","message":"Scanning report directory: /Users/pierrekhouzam/Desktop/magento-cypress-automation/cypress/reports","timestamp":"2025-04-29T23:56:12.978Z"}
{"level":"info","message":"Found files in directory: .DS_Store, flaky-tests-report.html, index.html, index.json, index_001.html, index_001.json, index_002.html, index_002.json, index_003.html, index_003.json, index_004.html, index_004.json, index_005.html, index_005.json, index_006.html, index_006.json, index_007.html, index_007.json, index_008.html, index_008.json, index_009.html, index_009.json, index_010.html, index_010.json, index_011.html, index_011.json, index_012.html, index_012.json, index_013.html, index_013.json, index_014.html, index_014.json, index_015.html, index_015.json, predictions","timestamp":"2025-04-29T23:56:12.979Z"}
{"level":"info","message":"Found JSON files: index.json, index_001.json, index_002.json, index_003.json, index_004.json, index_005.json, index_006.json, index_007.json, index_008.json, index_009.json, index_010.json, index_011.json, index_012.json, index_013.json, index_014.json, index_015.json","timestamp":"2025-04-29T23:56:12.980Z"}
{"level":"info","message":"Processing report: /Users/pierrekhouzam/Desktop/magento-cypress-automation/cypress/reports/index.json","timestamp":"2025-04-29T23:56:12.980Z"}
{"level":"info","message":"Reading file: /Users/pierrekhouzam/Desktop/magento-cypress-automation/cypress/reports/index.json","timestamp":"2025-04-29T23:56:12.980Z"}
{"level":"info","message":"Attempting to parse JSON from index.json","timestamp":"2025-04-29T23:56:12.987Z"}
{"level":"info","message":"Extracting test results from index.json","timestamp":"2025-04-29T23:56:12.992Z"}
{"level":"info","message":"Processing results array in index.json","resultCount":1,"timestamp":"2025-04-29T23:56:12.993Z"}
{"level":"info","message":"No direct tests in result 0 in index.json","timestamp":"2025-04-29T23:56:12.993Z"}
{"level":"info","message":"Processing suites in result 0 in index.json","suiteCount":1,"timestamp":"2025-04-29T23:56:12.994Z"}
{"level":"info","message":"Processing tests in suite 0.0 in index.json","testCount":2,"timestamp":"2025-04-29T23:56:12.994Z"}
{"level":"info","message":"Completed extracting test results from index.json","testCount":2,"timestamp":"2025-04-29T23:56:12.996Z"}
{"level":"info","message":"Extracted 2 test results from index.json","timestamp":"2025-04-29T23:56:12.996Z"}
{"level":"info","message":"Processing report: /Users/pierrekhouzam/Desktop/magento-cypress-automation/cypress/reports/index_001.json","timestamp":"2025-04-29T23:56:12.997Z"}
{"level":"info","message":"Reading file: /Users/pierrekhouzam/Desktop/magento-cypress-automation/cypress/reports/index_001.json","timestamp":"2025-04-29T23:56:12.997Z"}
{"level":"info","message":"Attempting to parse JSON from index_001.json","timestamp":"2025-04-29T23:56:13.003Z"}
{"level":"info","message":"Extracting test results from index_001.json","timestamp":"2025-04-29T23:56:13.007Z"}
{"level":"info","message":"Processing results array in index_001.json","resultCount":1,"timestamp":"2025-04-29T23:56:13.007Z"}
{"level":"info","message":"No direct tests in result 0 in index_001.json","timestamp":"2025-04-29T23:56:13.007Z"}
{"level":"info","message":"Processing suites in result 0 in index_001.json","suiteCount":1,"timestamp":"2025-04-29T23:56:13.007Z"}
{"level":"info","message":"Processing tests in suite 0.0 in index_001.json","testCount":2,"timestamp":"2025-04-29T23:56:13.008Z"}
{"level":"info","message":"Completed extracting test results from index_001.json","testCount":2,"timestamp":"2025-04-29T23:56:13.009Z"}
{"level":"info","message":"Extracted 2 test results from index_001.json","timestamp":"2025-04-29T23:56:13.010Z"}
{"level":"info","message":"Processing report: /Users/pierrekhouzam/Desktop/magento-cypress-automation/cypress/reports/index_002.json","timestamp":"2025-04-29T23:56:13.010Z"}
{"level":"info","message":"Reading file: /Users/pierrekhouzam/Desktop/magento-cypress-automation/cypress/reports/index_002.json","timestamp":"2025-04-29T23:56:13.010Z"}
{"level":"info","message":"Attempting to parse JSON from index_002.json","timestamp":"2025-04-29T23:56:13.026Z"}
{"level":"info","message":"Extracting test results from index_002.json","timestamp":"2025-04-29T23:56:13.030Z"}
{"level":"info","message":"Processing results array in index_002.json","resultCount":1,"timestamp":"2025-04-29T23:56:13.031Z"}
{"level":"info","message":"No direct tests in result 0 in index_002.json","timestamp":"2025-04-29T23:56:13.031Z"}
{"level":"info","message":"Processing suites in result 0 in index_002.json","suiteCount":1,"timestamp":"2025-04-29T23:56:13.031Z"}
{"level":"info","message":"Processing tests in suite 0.0 in index_002.json","testCount":2,"timestamp":"2025-04-29T23:56:13.031Z"}
{"level":"info","message":"Completed extracting test results from index_002.json","testCount":2,"timestamp":"2025-04-29T23:56:13.034Z"}
{"level":"info","message":"Extracted 2 test results from index_002.json","timestamp":"2025-04-29T23:56:13.034Z"}
{"level":"info","message":"Processing report: /Users/pierrekhouzam/Desktop/magento-cypress-automation/cypress/reports/index_003.json","timestamp":"2025-04-29T23:56:13.034Z"}
{"level":"info","message":"Reading file: /Users/pierrekhouzam/Desktop/magento-cypress-automation/cypress/reports/index_003.json","timestamp":"2025-04-29T23:56:13.034Z"}
{"level":"info","message":"Attempting to parse JSON from index_003.json","timestamp":"2025-04-29T23:56:13.039Z"}
{"level":"info","message":"Extracting test results from index_003.json","timestamp":"2025-04-29T23:56:13.041Z"}
{"level":"info","message":"Processing results array in index_003.json","resultCount":1,"timestamp":"2025-04-29T23:56:13.041Z"}
{"level":"info","message":"No direct tests in result 0 in index_003.json","timestamp":"2025-04-29T23:56:13.041Z"}
{"level":"info","message":"Processing suites in result 0 in index_003.json","suiteCount":1,"timestamp":"2025-04-29T23:56:13.041Z"}
{"level":"info","message":"Processing tests in suite 0.0 in index_003.json","testCount":1,"timestamp":"2025-04-29T23:56:13.042Z"}
{"level":"info","message":"Completed extracting test results from index_003.json","testCount":1,"timestamp":"2025-04-29T23:56:13.043Z"}
{"level":"info","message":"Extracted 1 test results from index_003.json","timestamp":"2025-04-29T23:56:13.043Z"}
{"level":"info","message":"Processing report: /Users/pierrekhouzam/Desktop/magento-cypress-automation/cypress/reports/index_004.json","timestamp":"2025-04-29T23:56:13.043Z"}
{"level":"info","message":"Reading file: /Users/pierrekhouzam/Desktop/magento-cypress-automation/cypress/reports/index_004.json","timestamp":"2025-04-29T23:56:13.043Z"}
{"level":"info","message":"Attempting to parse JSON from index_004.json","timestamp":"2025-04-29T23:56:13.045Z"}
{"level":"info","message":"Extracting test results from index_004.json","timestamp":"2025-04-29T23:56:13.049Z"}
{"level":"info","message":"Processing results array in index_004.json","resultCount":1,"timestamp":"2025-04-29T23:56:13.049Z"}
{"level":"info","message":"No direct tests in result 0 in index_004.json","timestamp":"2025-04-29T23:56:13.049Z"}
{"level":"info","message":"Processing suites in result 0 in index_004.json","suiteCount":1,"timestamp":"2025-04-29T23:56:13.049Z"}
{"level":"info","message":"Processing tests in suite 0.0 in index_004.json","testCount":1,"timestamp":"2025-04-29T23:56:13.049Z"}
{"level":"info","message":"Completed extracting test results from index_004.json","testCount":1,"timestamp":"2025-04-29T23:56:13.050Z"}
{"level":"info","message":"Extracted 1 test results from index_004.json","timestamp":"2025-04-29T23:56:13.051Z"}
{"level":"info","message":"Processing report: /Users/pierrekhouzam/Desktop/magento-cypress-automation/cypress/reports/index_005.json","timestamp":"2025-04-29T23:56:13.051Z"}
{"level":"info","message":"Reading file: /Users/pierrekhouzam/Desktop/magento-cypress-automation/cypress/reports/index_005.json","timestamp":"2025-04-29T23:56:13.051Z"}
{"level":"info","message":"Attempting to parse JSON from index_005.json","timestamp":"2025-04-29T23:56:13.057Z"}
{"level":"info","message":"Extracting test results from index_005.json","timestamp":"2025-04-29T23:56:13.065Z"}
{"level":"info","message":"Processing results array in index_005.json","resultCount":4,"timestamp":"2025-04-29T23:56:13.065Z"}
{"level":"info","message":"No direct tests in result 0 in index_005.json","timestamp":"2025-04-29T23:56:13.066Z"}
{"level":"info","message":"Processing suites in result 0 in index_005.json","suiteCount":1,"timestamp":"2025-04-29T23:56:13.066Z"}
{"level":"info","message":"Processing tests in suite 0.0 in index_005.json","testCount":1,"timestamp":"2025-04-29T23:56:13.066Z"}
{"level":"info","message":"No direct tests in result 1 in index_005.json","timestamp":"2025-04-29T23:56:13.067Z"}
{"level":"info","message":"Processing suites in result 1 in index_005.json","suiteCount":1,"timestamp":"2025-04-29T23:56:13.067Z"}
{"level":"info","message":"Processing tests in suite 1.0 in index_005.json","testCount":1,"timestamp":"2025-04-29T23:56:13.067Z"}
{"level":"info","message":"No direct tests in result 2 in index_005.json","timestamp":"2025-04-29T23:56:13.068Z"}
{"level":"info","message":"Processing suites in result 2 in index_005.json","suiteCount":1,"timestamp":"2025-04-29T23:56:13.068Z"}
{"level":"info","message":"Processing tests in suite 2.0 in index_005.json","testCount":1,"timestamp":"2025-04-29T23:56:13.068Z"}
{"level":"info","message":"No direct tests in result 3 in index_005.json","timestamp":"2025-04-29T23:56:13.069Z"}
{"level":"info","message":"Processing suites in result 3 in index_005.json","suiteCount":1,"timestamp":"2025-04-29T23:56:13.069Z"}
{"level":"info","message":"Processing tests in suite 3.0 in index_005.json","testCount":1,"timestamp":"2025-04-29T23:56:13.069Z"}
{"level":"info","message":"Completed extracting test results from index_005.json","testCount":4,"timestamp":"2025-04-29T23:56:13.070Z"}
{"level":"info","message":"Extracted 4 test results from index_005.json","timestamp":"2025-04-29T23:56:13.070Z"}
{"level":"info","message":"Processing report: /Users/pierrekhouzam/Desktop/magento-cypress-automation/cypress/reports/index_006.json","timestamp":"2025-04-29T23:56:13.070Z"}
{"level":"info","message":"Reading file: /Users/pierrekhouzam/Desktop/magento-cypress-automation/cypress/reports/index_006.json","timestamp":"2025-04-29T23:56:13.070Z"}
{"level":"info","message":"Attempting to parse JSON from index_006.json","timestamp":"2025-04-29T23:56:13.076Z"}
{"level":"info","message":"Extracting test results from index_006.json","timestamp":"2025-04-29T23:56:13.086Z"}
{"level":"info","message":"Processing results array in index_006.json","resultCount":4,"timestamp":"2025-04-29T23:56:13.086Z"}
{"level":"info","message":"No direct tests in result 0 in index_006.json","timestamp":"2025-04-29T23:56:13.086Z"}
{"level":"info","message":"Processing suites in result 0 in index_006.json","suiteCount":1,"timestamp":"2025-04-29T23:56:13.086Z"}
{"level":"info","message":"Processing tests in suite 0.0 in index_006.json","testCount":1,"timestamp":"2025-04-29T23:56:13.086Z"}
{"level":"info","message":"No direct tests in result 1 in index_006.json","timestamp":"2025-04-29T23:56:13.087Z"}
{"level":"info","message":"Processing suites in result 1 in index_006.json","suiteCount":1,"timestamp":"2025-04-29T23:56:13.087Z"}
{"level":"info","message":"Processing tests in suite 1.0 in index_006.json","testCount":1,"timestamp":"2025-04-29T23:56:13.087Z"}
{"level":"info","message":"No direct tests in result 2 in index_006.json","timestamp":"2025-04-29T23:56:13.088Z"}
{"level":"info","message":"Processing suites in result 2 in index_006.json","suiteCount":1,"timestamp":"2025-04-29T23:56:13.088Z"}
{"level":"info","message":"Processing tests in suite 2.0 in index_006.json","testCount":1,"timestamp":"2025-04-29T23:56:13.088Z"}
{"level":"info","message":"No direct tests in result 3 in index_006.json","timestamp":"2025-04-29T23:56:13.089Z"}
{"level":"info","message":"Processing suites in result 3 in index_006.json","suiteCount":1,"timestamp":"2025-04-29T23:56:13.089Z"}
{"level":"info","message":"Processing tests in suite 3.0 in index_006.json","testCount":1,"timestamp":"2025-04-29T23:56:13.090Z"}
{"level":"info","message":"Completed extracting test results from index_006.json","testCount":4,"timestamp":"2025-04-29T23:56:13.091Z"}
{"level":"info","message":"Extracted 4 test results from index_006.json","timestamp":"2025-04-29T23:56:13.091Z"}
{"level":"info","message":"Processing report: /Users/pierrekhouzam/Desktop/magento-cypress-automation/cypress/reports/index_007.json","timestamp":"2025-04-29T23:56:13.091Z"}
{"level":"info","message":"Reading file: /Users/pierrekhouzam/Desktop/magento-cypress-automation/cypress/reports/index_007.json","timestamp":"2025-04-29T23:56:13.091Z"}
{"level":"info","message":"Attempting to parse JSON from index_007.json","timestamp":"2025-04-29T23:56:13.099Z"}
{"level":"info","message":"Extracting test results from index_007.json","timestamp":"2025-04-29T23:56:13.101Z"}
{"level":"info","message":"Processing results array in index_007.json","resultCount":1,"timestamp":"2025-04-29T23:56:13.101Z"}
{"level":"info","message":"No direct tests in result 0 in index_007.json","timestamp":"2025-04-29T23:56:13.101Z"}
{"level":"info","message":"Processing suites in result 0 in index_007.json","suiteCount":1,"timestamp":"2025-04-29T23:56:13.101Z"}
{"level":"info","message":"Processing tests in suite 0.0 in index_007.json","testCount":1,"timestamp":"2025-04-29T23:56:13.101Z"}
{"level":"info","message":"Completed extracting test results from index_007.json","testCount":1,"timestamp":"2025-04-29T23:56:13.102Z"}
{"level":"info","message":"Extracted 1 test results from index_007.json","timestamp":"2025-04-29T23:56:13.102Z"}
{"level":"info","message":"Processing report: /Users/pierrekhouzam/Desktop/magento-cypress-automation/cypress/reports/index_008.json","timestamp":"2025-04-29T23:56:13.102Z"}
{"level":"info","message":"Reading file: /Users/pierrekhouzam/Desktop/magento-cypress-automation/cypress/reports/index_008.json","timestamp":"2025-04-29T23:56:13.102Z"}
{"level":"info","message":"Attempting to parse JSON from index_008.json","timestamp":"2025-04-29T23:56:13.105Z"}
{"level":"info","message":"Extracting test results from index_008.json","timestamp":"2025-04-29T23:56:13.107Z"}
{"level":"info","message":"Processing results array in index_008.json","resultCount":1,"timestamp":"2025-04-29T23:56:13.107Z"}
{"level":"info","message":"No direct tests in result 0 in index_008.json","timestamp":"2025-04-29T23:56:13.108Z"}
{"level":"info","message":"Processing suites in result 0 in index_008.json","suiteCount":1,"timestamp":"2025-04-29T23:56:13.108Z"}
{"level":"info","message":"Processing tests in suite 0.0 in index_008.json","testCount":1,"timestamp":"2025-04-29T23:56:13.108Z"}
{"level":"info","message":"Completed extracting test results from index_008.json","testCount":1,"timestamp":"2025-04-29T23:56:13.109Z"}
{"level":"info","message":"Extracted 1 test results from index_008.json","timestamp":"2025-04-29T23:56:13.109Z"}
{"level":"info","message":"Processing report: /Users/pierrekhouzam/Desktop/magento-cypress-automation/cypress/reports/index_009.json","timestamp":"2025-04-29T23:56:13.109Z"}
{"level":"info","message":"Reading file: /Users/pierrekhouzam/Desktop/magento-cypress-automation/cypress/reports/index_009.json","timestamp":"2025-04-29T23:56:13.109Z"}
{"level":"info","message":"Attempting to parse JSON from index_009.json","timestamp":"2025-04-29T23:56:13.114Z"}
{"level":"info","message":"Extracting test results from index_009.json","timestamp":"2025-04-29T23:56:13.122Z"}
{"level":"info","message":"Processing results array in index_009.json","resultCount":4,"timestamp":"2025-04-29T23:56:13.122Z"}
{"level":"info","message":"No direct tests in result 0 in index_009.json","timestamp":"2025-04-29T23:56:13.122Z"}
{"level":"info","message":"Processing suites in result 0 in index_009.json","suiteCount":1,"timestamp":"2025-04-29T23:56:13.122Z"}
{"level":"info","message":"Processing tests in suite 0.0 in index_009.json","testCount":1,"timestamp":"2025-04-29T23:56:13.122Z"}
{"level":"info","message":"No direct tests in result 1 in index_009.json","timestamp":"2025-04-29T23:56:13.123Z"}
{"level":"info","message":"Processing suites in result 1 in index_009.json","suiteCount":1,"timestamp":"2025-04-29T23:56:13.123Z"}
{"level":"info","message":"Processing tests in suite 1.0 in index_009.json","testCount":1,"timestamp":"2025-04-29T23:56:13.123Z"}
{"level":"info","message":"No direct tests in result 2 in index_009.json","timestamp":"2025-04-29T23:56:13.124Z"}
{"level":"info","message":"Processing suites in result 2 in index_009.json","suiteCount":1,"timestamp":"2025-04-29T23:56:13.124Z"}
{"level":"info","message":"Processing tests in suite 2.0 in index_009.json","testCount":1,"timestamp":"2025-04-29T23:56:13.124Z"}
{"level":"info","message":"No direct tests in result 3 in index_009.json","timestamp":"2025-04-29T23:56:13.125Z"}
{"level":"info","message":"Processing suites in result 3 in index_009.json","suiteCount":1,"timestamp":"2025-04-29T23:56:13.125Z"}
{"level":"info","message":"Processing tests in suite 3.0 in index_009.json","testCount":1,"timestamp":"2025-04-29T23:56:13.125Z"}
{"level":"info","message":"Completed extracting test results from index_009.json","testCount":4,"timestamp":"2025-04-29T23:56:13.127Z"}
{"level":"info","message":"Extracted 4 test results from index_009.json","timestamp":"2025-04-29T23:56:13.127Z"}
{"level":"info","message":"Processing report: /Users/pierrekhouzam/Desktop/magento-cypress-automation/cypress/reports/index_010.json","timestamp":"2025-04-29T23:56:13.127Z"}
{"level":"info","message":"Reading file: /Users/pierrekhouzam/Desktop/magento-cypress-automation/cypress/reports/index_010.json","timestamp":"2025-04-29T23:56:13.127Z"}
{"level":"info","message":"Attempting to parse JSON from index_010.json","timestamp":"2025-04-29T23:56:13.135Z"}
{"level":"info","message":"Extracting test results from index_010.json","timestamp":"2025-04-29T23:56:13.143Z"}
{"level":"info","message":"Processing results array in index_010.json","resultCount":4,"timestamp":"2025-04-29T23:56:13.143Z"}
{"level":"info","message":"No direct tests in result 0 in index_010.json","timestamp":"2025-04-29T23:56:13.143Z"}
{"level":"info","message":"Processing suites in result 0 in index_010.json","suiteCount":1,"timestamp":"2025-04-29T23:56:13.143Z"}
{"level":"info","message":"Processing tests in suite 0.0 in index_010.json","testCount":1,"timestamp":"2025-04-29T23:56:13.144Z"}
{"level":"info","message":"No direct tests in result 1 in index_010.json","timestamp":"2025-04-29T23:56:13.145Z"}
{"level":"info","message":"Processing suites in result 1 in index_010.json","suiteCount":1,"timestamp":"2025-04-29T23:56:13.145Z"}
{"level":"info","message":"Processing tests in suite 1.0 in index_010.json","testCount":1,"timestamp":"2025-04-29T23:56:13.145Z"}
{"level":"info","message":"No direct tests in result 2 in index_010.json","timestamp":"2025-04-29T23:56:13.146Z"}
{"level":"info","message":"Processing suites in result 2 in index_010.json","suiteCount":1,"timestamp":"2025-04-29T23:56:13.146Z"}
{"level":"info","message":"Processing tests in suite 2.0 in index_010.json","testCount":1,"timestamp":"2025-04-29T23:56:13.146Z"}
{"level":"info","message":"No direct tests in result 3 in index_010.json","timestamp":"2025-04-29T23:56:13.147Z"}
{"level":"info","message":"Processing suites in result 3 in index_010.json","suiteCount":1,"timestamp":"2025-04-29T23:56:13.147Z"}
{"level":"info","message":"Processing tests in suite 3.0 in index_010.json","testCount":1,"timestamp":"2025-04-29T23:56:13.147Z"}
{"level":"info","message":"Completed extracting test results from index_010.json","testCount":4,"timestamp":"2025-04-29T23:56:13.149Z"}
{"level":"info","message":"Extracted 4 test results from index_010.json","timestamp":"2025-04-29T23:56:13.149Z"}
{"level":"info","message":"Processing report: /Users/pierrekhouzam/Desktop/magento-cypress-automation/cypress/reports/index_011.json","timestamp":"2025-04-29T23:56:13.149Z"}
{"level":"info","message":"Reading file: /Users/pierrekhouzam/Desktop/magento-cypress-automation/cypress/reports/index_011.json","timestamp":"2025-04-29T23:56:13.149Z"}
{"level":"info","message":"Attempting to parse JSON from index_011.json","timestamp":"2025-04-29T23:56:13.158Z"}
{"level":"info","message":"Extracting test results from index_011.json","timestamp":"2025-04-29T23:56:13.166Z"}
{"level":"info","message":"Processing results array in index_011.json","resultCount":4,"timestamp":"2025-04-29T23:56:13.166Z"}
{"level":"info","message":"No direct tests in result 0 in index_011.json","timestamp":"2025-04-29T23:56:13.166Z"}
{"level":"info","message":"Processing suites in result 0 in index_011.json","suiteCount":1,"timestamp":"2025-04-29T23:56:13.166Z"}
{"level":"info","message":"Processing tests in suite 0.0 in index_011.json","testCount":1,"timestamp":"2025-04-29T23:56:13.166Z"}
{"level":"info","message":"No direct tests in result 1 in index_011.json","timestamp":"2025-04-29T23:56:13.168Z"}
{"level":"info","message":"Processing suites in result 1 in index_011.json","suiteCount":1,"timestamp":"2025-04-29T23:56:13.168Z"}
{"level":"info","message":"Processing tests in suite 1.0 in index_011.json","testCount":1,"timestamp":"2025-04-29T23:56:13.168Z"}
{"level":"info","message":"No direct tests in result 2 in index_011.json","timestamp":"2025-04-29T23:56:13.169Z"}
{"level":"info","message":"Processing suites in result 2 in index_011.json","suiteCount":1,"timestamp":"2025-04-29T23:56:13.169Z"}
{"level":"info","message":"Processing tests in suite 2.0 in index_011.json","testCount":1,"timestamp":"2025-04-29T23:56:13.169Z"}
{"level":"info","message":"No direct tests in result 3 in index_011.json","timestamp":"2025-04-29T23:56:13.170Z"}
{"level":"info","message":"Processing suites in result 3 in index_011.json","suiteCount":1,"timestamp":"2025-04-29T23:56:13.170Z"}
{"level":"info","message":"Processing tests in suite 3.0 in index_011.json","testCount":1,"timestamp":"2025-04-29T23:56:13.170Z"}
{"level":"info","message":"Completed extracting test results from index_011.json","testCount":4,"timestamp":"2025-04-29T23:56:13.171Z"}
{"level":"info","message":"Extracted 4 test results from index_011.json","timestamp":"2025-04-29T23:56:13.171Z"}
{"level":"info","message":"Processing report: /Users/pierrekhouzam/Desktop/magento-cypress-automation/cypress/reports/index_012.json","timestamp":"2025-04-29T23:56:13.171Z"}
{"level":"info","message":"Reading file: /Users/pierrekhouzam/Desktop/magento-cypress-automation/cypress/reports/index_012.json","timestamp":"2025-04-29T23:56:13.171Z"}
{"level":"info","message":"Attempting to parse JSON from index_012.json","timestamp":"2025-04-29T23:56:13.176Z"}
{"level":"info","message":"Extracting test results from index_012.json","timestamp":"2025-04-29T23:56:13.185Z"}
{"level":"info","message":"Processing results array in index_012.json","resultCount":4,"timestamp":"2025-04-29T23:56:13.185Z"}
{"level":"info","message":"No direct tests in result 0 in index_012.json","timestamp":"2025-04-29T23:56:13.185Z"}
{"level":"info","message":"Processing suites in result 0 in index_012.json","suiteCount":1,"timestamp":"2025-04-29T23:56:13.186Z"}
{"level":"info","message":"Processing tests in suite 0.0 in index_012.json","testCount":1,"timestamp":"2025-04-29T23:56:13.186Z"}
{"level":"info","message":"No direct tests in result 1 in index_012.json","timestamp":"2025-04-29T23:56:13.187Z"}
{"level":"info","message":"Processing suites in result 1 in index_012.json","suiteCount":1,"timestamp":"2025-04-29T23:56:13.187Z"}
{"level":"info","message":"Processing tests in suite 1.0 in index_012.json","testCount":1,"timestamp":"2025-04-29T23:56:13.187Z"}
{"level":"info","message":"No direct tests in result 2 in index_012.json","timestamp":"2025-04-29T23:56:13.188Z"}
{"level":"info","message":"Processing suites in result 2 in index_012.json","suiteCount":1,"timestamp":"2025-04-29T23:56:13.188Z"}
{"level":"info","message":"Processing tests in suite 2.0 in index_012.json","testCount":1,"timestamp":"2025-04-29T23:56:13.188Z"}
{"level":"info","message":"No direct tests in result 3 in index_012.json","timestamp":"2025-04-29T23:56:13.189Z"}
{"level":"info","message":"Processing suites in result 3 in index_012.json","suiteCount":1,"timestamp":"2025-04-29T23:56:13.189Z"}
{"level":"info","message":"Processing tests in suite 3.0 in index_012.json","testCount":1,"timestamp":"2025-04-29T23:56:13.189Z"}
{"level":"info","message":"Completed extracting test results from index_012.json","testCount":4,"timestamp":"2025-04-29T23:56:13.190Z"}
{"level":"info","message":"Extracted 4 test results from index_012.json","timestamp":"2025-04-29T23:56:13.190Z"}
{"level":"info","message":"Processing report: /Users/pierrekhouzam/Desktop/magento-cypress-automation/cypress/reports/index_013.json","timestamp":"2025-04-29T23:56:13.190Z"}
{"level":"info","message":"Reading file: /Users/pierrekhouzam/Desktop/magento-cypress-automation/cypress/reports/index_013.json","timestamp":"2025-04-29T23:56:13.190Z"}
{"level":"info","message":"Attempting to parse JSON from index_013.json","timestamp":"2025-04-29T23:56:13.196Z"}
{"level":"info","message":"Extracting test results from index_013.json","timestamp":"2025-04-29T23:56:13.203Z"}
{"level":"info","message":"Processing results array in index_013.json","resultCount":4,"timestamp":"2025-04-29T23:56:13.203Z"}
{"level":"info","message":"No direct tests in result 0 in index_013.json","timestamp":"2025-04-29T23:56:13.203Z"}
{"level":"info","message":"Processing suites in result 0 in index_013.json","suiteCount":1,"timestamp":"2025-04-29T23:56:13.203Z"}
{"level":"info","message":"Processing tests in suite 0.0 in index_013.json","testCount":1,"timestamp":"2025-04-29T23:56:13.203Z"}
{"level":"info","message":"No direct tests in result 1 in index_013.json","timestamp":"2025-04-29T23:56:13.204Z"}
{"level":"info","message":"Processing suites in result 1 in index_013.json","suiteCount":1,"timestamp":"2025-04-29T23:56:13.204Z"}
{"level":"info","message":"Processing tests in suite 1.0 in index_013.json","testCount":1,"timestamp":"2025-04-29T23:56:13.204Z"}
{"level":"info","message":"No direct tests in result 2 in index_013.json","timestamp":"2025-04-29T23:56:13.205Z"}
{"level":"info","message":"Processing suites in result 2 in index_013.json","suiteCount":1,"timestamp":"2025-04-29T23:56:13.205Z"}
{"level":"info","message":"Processing tests in suite 2.0 in index_013.json","testCount":1,"timestamp":"2025-04-29T23:56:13.206Z"}
{"level":"info","message":"No direct tests in result 3 in index_013.json","timestamp":"2025-04-29T23:56:13.206Z"}
{"level":"info","message":"Processing suites in result 3 in index_013.json","suiteCount":1,"timestamp":"2025-04-29T23:56:13.206Z"}
{"level":"info","message":"Processing tests in suite 3.0 in index_013.json","testCount":1,"timestamp":"2025-04-29T23:56:13.207Z"}
{"level":"info","message":"Completed extracting test results from index_013.json","testCount":4,"timestamp":"2025-04-29T23:56:13.208Z"}
{"level":"info","message":"Extracted 4 test results from index_013.json","timestamp":"2025-04-29T23:56:13.208Z"}
{"level":"info","message":"Processing report: /Users/pierrekhouzam/Desktop/magento-cypress-automation/cypress/reports/index_014.json","timestamp":"2025-04-29T23:56:13.208Z"}
{"level":"info","message":"Reading file: /Users/pierrekhouzam/Desktop/magento-cypress-automation/cypress/reports/index_014.json","timestamp":"2025-04-29T23:56:13.208Z"}
{"level":"info","message":"Attempting to parse JSON from index_014.json","timestamp":"2025-04-29T23:56:13.216Z"}
{"level":"info","message":"Extracting test results from index_014.json","timestamp":"2025-04-29T23:56:13.223Z"}
{"level":"info","message":"Processing results array in index_014.json","resultCount":4,"timestamp":"2025-04-29T23:56:13.223Z"}
{"level":"info","message":"No direct tests in result 0 in index_014.json","timestamp":"2025-04-29T23:56:13.223Z"}
{"level":"info","message":"Processing suites in result 0 in index_014.json","suiteCount":1,"timestamp":"2025-04-29T23:56:13.223Z"}
{"level":"info","message":"Processing tests in suite 0.0 in index_014.json","testCount":1,"timestamp":"2025-04-29T23:56:13.223Z"}
{"level":"info","message":"No direct tests in result 1 in index_014.json","timestamp":"2025-04-29T23:56:13.224Z"}
{"level":"info","message":"Processing suites in result 1 in index_014.json","suiteCount":1,"timestamp":"2025-04-29T23:56:13.224Z"}
{"level":"info","message":"Processing tests in suite 1.0 in index_014.json","testCount":1,"timestamp":"2025-04-29T23:56:13.224Z"}
{"level":"info","message":"No direct tests in result 2 in index_014.json","timestamp":"2025-04-29T23:56:13.225Z"}
{"level":"info","message":"Processing suites in result 2 in index_014.json","suiteCount":1,"timestamp":"2025-04-29T23:56:13.225Z"}
{"level":"info","message":"Processing tests in suite 2.0 in index_014.json","testCount":1,"timestamp":"2025-04-29T23:56:13.225Z"}
{"level":"info","message":"No direct tests in result 3 in index_014.json","timestamp":"2025-04-29T23:56:13.226Z"}
{"level":"info","message":"Processing suites in result 3 in index_014.json","suiteCount":1,"timestamp":"2025-04-29T23:56:13.227Z"}
{"level":"info","message":"Processing tests in suite 3.0 in index_014.json","testCount":1,"timestamp":"2025-04-29T23:56:13.227Z"}
{"level":"info","message":"Completed extracting test results from index_014.json","testCount":4,"timestamp":"2025-04-29T23:56:13.228Z"}
{"level":"info","message":"Extracted 4 test results from index_014.json","timestamp":"2025-04-29T23:56:13.228Z"}
{"level":"info","message":"Processing report: /Users/pierrekhouzam/Desktop/magento-cypress-automation/cypress/reports/index_015.json","timestamp":"2025-04-29T23:56:13.228Z"}
{"level":"info","message":"Reading file: /Users/pierrekhouzam/Desktop/magento-cypress-automation/cypress/reports/index_015.json","timestamp":"2025-04-29T23:56:13.228Z"}
{"level":"info","message":"Attempting to parse JSON from index_015.json","timestamp":"2025-04-29T23:56:13.236Z"}
{"level":"info","message":"Extracting test results from index_015.json","timestamp":"2025-04-29T23:56:13.243Z"}
{"level":"info","message":"Processing results array in index_015.json","resultCount":4,"timestamp":"2025-04-29T23:56:13.243Z"}
{"level":"info","message":"No direct tests in result 0 in index_015.json","timestamp":"2025-04-29T23:56:13.243Z"}
{"level":"info","message":"Processing suites in result 0 in index_015.json","suiteCount":1,"timestamp":"2025-04-29T23:56:13.243Z"}
{"level":"info","message":"Processing tests in suite 0.0 in index_015.json","testCount":1,"timestamp":"2025-04-29T23:56:13.244Z"}
{"level":"info","message":"No direct tests in result 1 in index_015.json","timestamp":"2025-04-29T23:56:13.245Z"}
{"level":"info","message":"Processing suites in result 1 in index_015.json","suiteCount":1,"timestamp":"2025-04-29T23:56:13.245Z"}
{"level":"info","message":"Processing tests in suite 1.0 in index_015.json","testCount":1,"timestamp":"2025-04-29T23:56:13.245Z"}
{"level":"info","message":"No direct tests in result 2 in index_015.json","timestamp":"2025-04-29T23:56:13.246Z"}
{"level":"info","message":"Processing suites in result 2 in index_015.json","suiteCount":1,"timestamp":"2025-04-29T23:56:13.246Z"}
{"level":"info","message":"Processing tests in suite 2.0 in index_015.json","testCount":1,"timestamp":"2025-04-29T23:56:13.246Z"}
{"level":"info","message":"No direct tests in result 3 in index_015.json","timestamp":"2025-04-29T23:56:13.247Z"}
{"level":"info","message":"Processing suites in result 3 in index_015.json","suiteCount":1,"timestamp":"2025-04-29T23:56:13.247Z"}
{"level":"info","message":"Processing tests in suite 3.0 in index_015.json","testCount":1,"timestamp":"2025-04-29T23:56:13.247Z"}
{"level":"info","message":"Completed extracting test results from index_015.json","testCount":4,"timestamp":"2025-04-29T23:56:13.248Z"}
{"level":"info","message":"Extracted 4 test results from index_015.json","timestamp":"2025-04-29T23:56:13.249Z"}
{"level":"info","message":"Test title \"Test Case A: Registration flow with login validation Should register a new user and validate login\" appears 16 times across JSON files","timestamp":"2025-04-29T23:56:13.249Z"}
{"level":"info","message":"Test title \"Test Case A: Registration flow with login validation Should allow user to log in with registered credentials\" appears 3 times across JSON files","timestamp":"2025-04-29T23:56:13.249Z"}
{"level":"info","message":"Test title \"Test Case B: Place order with multiple products and validate price Should register and add multiple products to cart then verify total price\" appears 9 times across JSON files","timestamp":"2025-04-29T23:56:13.249Z"}
{"level":"info","message":"Test title \"Test Case C: Wishlist and Checkout Should add products to wishlist and checkout from wishlist\" appears 9 times across JSON files","timestamp":"2025-04-29T23:56:13.250Z"}
{"level":"info","message":"Test title \"Test Case D: Search and Validate Results Should search for a valid product and validate results, then search invalid and validate empty results\" appears 9 times across JSON files","timestamp":"2025-04-29T23:56:13.250Z"}
{"level":"info","message":"Ensured DB directory exists: /Users/pierrekhouzam/Desktop/magento-cypress-automation/cypress/db","timestamp":"2025-04-29T23:56:13.252Z"}
{"level":"info","message":"Test history saved to /Users/pierrekhouzam/Desktop/magento-cypress-automation/cypress/db/test-history.json","testCount":5,"timestamp":"2025-04-29T23:56:13.253Z"}
{"level":"info","message":"Flaky test detection completed.","testsProcessed":46,"timestamp":"2025-04-29T23:56:13.254Z","uniqueTests":5}
{"level":"info","message":"Starting AI-powered flakiness analysis...","timestamp":"2025-04-29T23:56:13.255Z"}
{"level":"info","message":"Ensured DB directory exists: /Users/pierrekhouzam/Desktop/magento-cypress-automation/cypress/db","timestamp":"2025-04-29T23:56:13.255Z"}
{"level":"info","message":"Test history loaded from /Users/pierrekhouzam/Desktop/magento-cypress-automation/cypress/db/test-history.json","testCount":5,"timestamp":"2025-04-29T23:56:13.256Z"}
{"level":"info","message":"Training AI model with historical test data...","timestamp":"2025-04-29T23:56:13.256Z"}
{"error":"ENOENT: no such file or directory, open 'cypress/db/flaky-model.json'","level":"info","message":"No saved model found or error loading:","timestamp":"2025-04-29T23:56:13.257Z"}
{"level":"info","message":"ML model trained successfully","samples":5,"timestamp":"2025-04-29T23:56:13.260Z"}
{"file":"cypress/db/flaky-model.json","level":"info","message":"ML model saved to","timestamp":"2025-04-29T23:56:13.261Z"}
{"importance":[{"feature":"passRate","score":"0.00%"},{"feature":"avgDuration","score":"0.00%"},{"feature":"transitionRate","score":"0.00%"},{"feature":"timingIssues","score":"0.00%"},{"feature":"selectorIssues","score":"0.00%"},{"feature":"networkIssues","score":"0.00%"},{"feature":"dataIssues","score":"0.00%"},{"feature":"durationVariability","score":"0.00%"},{"feature":"recentFailRate","score":"0.00%"}],"level":"info","message":"Feature importance calculated","timestamp":"2025-04-29T23:56:13.262Z"}
{"0":{"feature":"0","score":"NaN%"},"1":{"feature":"1","score":"NaN%"},"2":{"feature":"2","score":"NaN%"},"3":{"feature":"3","score":"NaN%"},"4":{"feature":"4","score":"NaN%"},"5":{"feature":"5","score":"NaN%"},"6":{"feature":"6","score":"NaN%"},"7":{"feature":"7","score":"NaN%"},"8":{"feature":"8","score":"NaN%"},"level":"info","message":"Feature Importance:","timestamp":"2025-04-29T23:56:13.262Z"}
{"level":"info","message":"Analyzing tests for flakiness","testCount":5,"timestamp":"2025-04-29T23:56:13.262Z"}
{"filePath":"cypress/reports/predictions/predictions-2025-04-29T23-56-13-266Z.json","level":"info","message":"Predictions saved","timestamp":"2025-04-29T23:56:13.268Z"}
{"level":"info","message":"Ensured DB directory exists: /Users/pierrekhouzam/Desktop/magento-cypress-automation/cypress/db","timestamp":"2025-04-29T23:56:13.268Z"}
{"level":"info","message":"Test history loaded from /Users/pierrekhouzam/Desktop/magento-cypress-automation/cypress/db/test-history.json","testCount":5,"timestamp":"2025-04-29T23:56:13.269Z"}
{"level":"info","message":"Starting AI-powered flakiness analysis...","timestamp":"2025-04-29T23:56:13.269Z"}
{"level":"info","message":"Ensured DB directory exists: /Users/pierrekhouzam/Desktop/magento-cypress-automation/cypress/db","timestamp":"2025-04-29T23:56:13.269Z"}
{"level":"info","message":"Test history loaded from /Users/pierrekhouzam/Desktop/magento-cypress-automation/cypress/db/test-history.json","testCount":5,"timestamp":"2025-04-29T23:56:13.270Z"}
{"level":"info","message":"Training AI model with historical test data...","timestamp":"2025-04-29T23:56:13.270Z"}
{"file":"cypress/db/flaky-model.json","level":"info","message":"ML model loaded from","timestamp":"2025-04-29T23:56:13.271Z"}
{"level":"info","message":"Using cached ML model","timestamp":"2025-04-29T23:56:13.271Z"}
{"importance":[{"feature":"passRate","score":"0.00%"},{"feature":"avgDuration","score":"0.00%"},{"feature":"transitionRate","score":"0.00%"},{"feature":"timingIssues","score":"0.00%"},{"feature":"selectorIssues","score":"0.00%"},{"feature":"networkIssues","score":"0.00%"},{"feature":"dataIssues","score":"0.00%"},{"feature":"durationVariability","score":"0.00%"},{"feature":"recentFailRate","score":"0.00%"}],"level":"info","message":"Feature importance calculated","timestamp":"2025-04-29T23:56:13.271Z"}
{"0":{"feature":"0","score":"NaN%"},"1":{"feature":"1","score":"NaN%"},"2":{"feature":"2","score":"NaN%"},"3":{"feature":"3","score":"NaN%"},"4":{"feature":"4","score":"NaN%"},"5":{"feature":"5","score":"NaN%"},"6":{"feature":"6","score":"NaN%"},"7":{"feature":"7","score":"NaN%"},"8":{"feature":"8","score":"NaN%"},"level":"info","message":"Feature Importance:","timestamp":"2025-04-29T23:56:13.271Z"}
{"level":"info","message":"Analyzing tests for flakiness","testCount":5,"timestamp":"2025-04-29T23:56:13.272Z"}
{"filePath":"cypress/reports/predictions/predictions-2025-04-29T23-56-13-274Z.json","level":"info","message":"Predictions saved","timestamp":"2025-04-29T23:56:13.275Z"}
{"hasIssues":true,"issueType":"timing","level":"info","message":"Generated recommendations for test","prediction":"Flaky","recommendationCount":4,"testName":"Test Case B: Place order with multiple products and validate price Should register and add multiple products to cart then verify total price","timestamp":"2025-04-29T23:56:13.276Z"}
{"hasIssues":false,"issueType":"unknown","level":"info","message":"Generated recommendations for test","prediction":"Flaky","recommendationCount":1,"testName":"Test Case C: Wishlist and Checkout Should add products to wishlist and checkout from wishlist","timestamp":"2025-04-29T23:56:13.276Z"}
{"hasIssues":true,"issueType":"timing","level":"info","message":"Generated recommendations for test","prediction":"Flaky","recommendationCount":7,"testName":"Test Case D: Search and Validate Results Should search for a valid product and validate results, then search invalid and validate empty results","timestamp":"2025-04-29T23:56:13.276Z"}
{"level":"info","message":"Ensured DB directory exists: /Users/pierrekhouzam/Desktop/magento-cypress-automation/cypress/db","timestamp":"2025-04-29T23:56:13.277Z"}
{"level":"info","message":"Test history saved to /Users/pierrekhouzam/Desktop/magento-cypress-automation/cypress/db/test-history.json","testCount":5,"timestamp":"2025-04-29T23:56:13.278Z"}
{"level":"info","message":"Updated test history with AI recommendations","timestamp":"2025-04-29T23:56:13.278Z"}
{"level":"info","message":"Ensured DB directory exists: /Users/pierrekhouzam/Desktop/magento-cypress-automation/cypress/db","timestamp":"2025-04-29T23:59:26.340Z"}
{"level":"info","message":"Test history loaded from /Users/pierrekhouzam/Desktop/magento-cypress-automation/cypress/db/test-history.json","testCount":5,"timestamp":"2025-04-29T23:59:26.342Z"}
{"level":"info","message":"Ensured DB directory exists: /Users/pierrekhouzam/Desktop/magento-cypress-automation/cypress/db","timestamp":"2025-04-29T23:59:26.342Z"}
{"level":"info","message":"Test history loaded from /Users/pierrekhouzam/Desktop/magento-cypress-automation/cypress/db/test-history.json","testCount":5,"timestamp":"2025-04-29T23:59:26.343Z"}
{"level":"info","message":"Starting AI-powered flakiness analysis...","timestamp":"2025-04-29T23:59:26.343Z"}
{"level":"info","message":"Ensured DB directory exists: /Users/pierrekhouzam/Desktop/magento-cypress-automation/cypress/db","timestamp":"2025-04-29T23:59:26.344Z"}
{"level":"info","message":"Test history loaded from /Users/pierrekhouzam/Desktop/magento-cypress-automation/cypress/db/test-history.json","testCount":5,"timestamp":"2025-04-29T23:59:26.344Z"}
{"level":"info","message":"Training AI model with historical test data...","timestamp":"2025-04-29T23:59:26.345Z"}
{"file":"cypress/db/flaky-model.json","level":"info","message":"ML model loaded from","timestamp":"2025-04-29T23:59:26.347Z"}
{"level":"info","message":"Using cached ML model","timestamp":"2025-04-29T23:59:26.347Z"}
{"importance":[{"feature":"passRate","score":"0.00%"},{"feature":"avgDuration","score":"0.00%"},{"feature":"transitionRate","score":"0.00%"},{"feature":"timingIssues","score":"0.00%"},{"feature":"selectorIssues","score":"0.00%"},{"feature":"networkIssues","score":"0.00%"},{"feature":"dataIssues","score":"0.00%"},{"feature":"durationVariability","score":"0.00%"},{"feature":"recentFailRate","score":"0.00%"}],"level":"info","message":"Feature importance calculated","timestamp":"2025-04-29T23:59:26.347Z"}
{"0":{"feature":"0","score":"NaN%"},"1":{"feature":"1","score":"NaN%"},"2":{"feature":"2","score":"NaN%"},"3":{"feature":"3","score":"NaN%"},"4":{"feature":"4","score":"NaN%"},"5":{"feature":"5","score":"NaN%"},"6":{"feature":"6","score":"NaN%"},"7":{"feature":"7","score":"NaN%"},"8":{"feature":"8","score":"NaN%"},"level":"info","message":"Feature Importance:","timestamp":"2025-04-29T23:59:26.347Z"}
{"level":"info","message":"Analyzing tests for flakiness","testCount":5,"timestamp":"2025-04-29T23:59:26.347Z"}
{"filePath":"cypress/reports/predictions/predictions-2025-04-29T23-59-26-351Z.json","level":"info","message":"Predictions saved","timestamp":"2025-04-29T23:59:26.352Z"}
{"hasIssues":true,"issueType":"timing","level":"info","message":"Generated recommendations for test","prediction":"Flaky","recommendationCount":4,"testName":"Test Case B: Place order with multiple products and validate price Should register and add multiple products to cart then verify total price","timestamp":"2025-04-29T23:59:26.353Z"}
{"hasIssues":false,"issueType":"unknown","level":"info","message":"Generated recommendations for test","prediction":"Flaky","recommendationCount":1,"testName":"Test Case C: Wishlist and Checkout Should add products to wishlist and checkout from wishlist","timestamp":"2025-04-29T23:59:26.353Z"}
{"hasIssues":true,"issueType":"timing","level":"info","message":"Generated recommendations for test","prediction":"Flaky","recommendationCount":7,"testName":"Test Case D: Search and Validate Results Should search for a valid product and validate results, then search invalid and validate empty results","timestamp":"2025-04-29T23:59:26.353Z"}
{"level":"info","message":"Ensured DB directory exists: /Users/pierrekhouzam/Desktop/magento-cypress-automation/cypress/db","timestamp":"2025-04-29T23:59:26.354Z"}
{"level":"info","message":"Test history saved to /Users/pierrekhouzam/Desktop/magento-cypress-automation/cypress/db/test-history.json","testCount":5,"timestamp":"2025-04-29T23:59:26.355Z"}
{"level":"info","message":"Updated test history with AI recommendations","timestamp":"2025-04-29T23:59:26.355Z"}
{"level":"info","message":"Starting flaky test detection...","timestamp":"2025-04-30T00:01:12.015Z"}
{"level":"info","message":"Verifying report directory: /Users/pierrekhouzam/Desktop/magento-cypress-automation/cypress/reports","timestamp":"2025-04-30T00:01:12.015Z"}
{"level":"info","message":"Scanning report directory: /Users/pierrekhouzam/Desktop/magento-cypress-automation/cypress/reports","timestamp":"2025-04-30T00:01:12.016Z"}
{"level":"info","message":"Found files in directory: .DS_Store, flaky-tests-report.html, index.html, index.json, index_001.html, index_001.json, index_002.html, index_002.json, index_003.html, index_003.json, index_004.html, index_004.json, index_005.html, index_005.json, index_006.html, index_006.json, index_007.html, index_007.json, index_008.html, index_008.json, index_009.html, index_009.json, index_010.html, index_010.json, index_011.html, index_011.json, index_012.html, index_012.json, index_013.html, index_013.json, index_014.html, index_014.json, index_015.html, index_015.json, predictions","timestamp":"2025-04-30T00:01:12.016Z"}
{"level":"info","message":"Found JSON files: index.json, index_001.json, index_002.json, index_003.json, index_004.json, index_005.json, index_006.json, index_007.json, index_008.json, index_009.json, index_010.json, index_011.json, index_012.json, index_013.json, index_014.json, index_015.json","timestamp":"2025-04-30T00:01:12.017Z"}
{"level":"info","message":"Processing report: /Users/pierrekhouzam/Desktop/magento-cypress-automation/cypress/reports/index.json","timestamp":"2025-04-30T00:01:12.017Z"}
{"level":"info","message":"Reading file: /Users/pierrekhouzam/Desktop/magento-cypress-automation/cypress/reports/index.json","timestamp":"2025-04-30T00:01:12.017Z"}
{"level":"info","message":"Attempting to parse JSON from index.json","timestamp":"2025-04-30T00:01:12.021Z"}
{"level":"info","message":"Extracting test results from index.json","timestamp":"2025-04-30T00:01:12.027Z"}
{"level":"info","message":"Processing results array in index.json","resultCount":1,"timestamp":"2025-04-30T00:01:12.028Z"}
{"level":"info","message":"No direct tests in result 0 in index.json","timestamp":"2025-04-30T00:01:12.028Z"}
{"level":"info","message":"Processing suites in result 0 in index.json","suiteCount":1,"timestamp":"2025-04-30T00:01:12.028Z"}
{"level":"info","message":"Processing tests in suite 0.0 in index.json","testCount":2,"timestamp":"2025-04-30T00:01:12.028Z"}
{"level":"info","message":"Completed extracting test results from index.json","testCount":2,"timestamp":"2025-04-30T00:01:12.031Z"}
{"level":"info","message":"Extracted 2 test results from index.json","timestamp":"2025-04-30T00:01:12.031Z"}
{"level":"info","message":"Processing report: /Users/pierrekhouzam/Desktop/magento-cypress-automation/cypress/reports/index_001.json","timestamp":"2025-04-30T00:01:12.031Z"}
{"level":"info","message":"Reading file: /Users/pierrekhouzam/Desktop/magento-cypress-automation/cypress/reports/index_001.json","timestamp":"2025-04-30T00:01:12.031Z"}
{"level":"info","message":"Attempting to parse JSON from index_001.json","timestamp":"2025-04-30T00:01:12.033Z"}
{"level":"info","message":"Extracting test results from index_001.json","timestamp":"2025-04-30T00:01:12.037Z"}
{"level":"info","message":"Processing results array in index_001.json","resultCount":1,"timestamp":"2025-04-30T00:01:12.037Z"}
{"level":"info","message":"No direct tests in result 0 in index_001.json","timestamp":"2025-04-30T00:01:12.037Z"}
{"level":"info","message":"Processing suites in result 0 in index_001.json","suiteCount":1,"timestamp":"2025-04-30T00:01:12.037Z"}
{"level":"info","message":"Processing tests in suite 0.0 in index_001.json","testCount":2,"timestamp":"2025-04-30T00:01:12.037Z"}
{"level":"info","message":"Completed extracting test results from index_001.json","testCount":2,"timestamp":"2025-04-30T00:01:12.040Z"}
{"level":"info","message":"Extracted 2 test results from index_001.json","timestamp":"2025-04-30T00:01:12.040Z"}
{"level":"info","message":"Processing report: /Users/pierrekhouzam/Desktop/magento-cypress-automation/cypress/reports/index_002.json","timestamp":"2025-04-30T00:01:12.041Z"}
{"level":"info","message":"Reading file: /Users/pierrekhouzam/Desktop/magento-cypress-automation/cypress/reports/index_002.json","timestamp":"2025-04-30T00:01:12.041Z"}
{"level":"info","message":"Attempting to parse JSON from index_002.json","timestamp":"2025-04-30T00:01:12.046Z"}
{"level":"info","message":"Extracting test results from index_002.json","timestamp":"2025-04-30T00:01:12.050Z"}
{"level":"info","message":"Processing results array in index_002.json","resultCount":1,"timestamp":"2025-04-30T00:01:12.051Z"}
{"level":"info","message":"No direct tests in result 0 in index_002.json","timestamp":"2025-04-30T00:01:12.051Z"}
{"level":"info","message":"Processing suites in result 0 in index_002.json","suiteCount":1,"timestamp":"2025-04-30T00:01:12.051Z"}
{"level":"info","message":"Processing tests in suite 0.0 in index_002.json","testCount":2,"timestamp":"2025-04-30T00:01:12.051Z"}
{"level":"info","message":"Completed extracting test results from index_002.json","testCount":2,"timestamp":"2025-04-30T00:01:12.053Z"}
{"level":"info","message":"Extracted 2 test results from index_002.json","timestamp":"2025-04-30T00:01:12.053Z"}
{"level":"info","message":"Processing report: /Users/pierrekhouzam/Desktop/magento-cypress-automation/cypress/reports/index_003.json","timestamp":"2025-04-30T00:01:12.053Z"}
{"level":"info","message":"Reading file: /Users/pierrekhouzam/Desktop/magento-cypress-automation/cypress/reports/index_003.json","timestamp":"2025-04-30T00:01:12.053Z"}
{"level":"info","message":"Attempting to parse JSON from index_003.json","timestamp":"2025-04-30T00:01:12.055Z"}
{"level":"info","message":"Extracting test results from index_003.json","timestamp":"2025-04-30T00:01:12.057Z"}
{"level":"info","message":"Processing results array in index_003.json","resultCount":1,"timestamp":"2025-04-30T00:01:12.057Z"}
{"level":"info","message":"No direct tests in result 0 in index_003.json","timestamp":"2025-04-30T00:01:12.057Z"}
{"level":"info","message":"Processing suites in result 0 in index_003.json","suiteCount":1,"timestamp":"2025-04-30T00:01:12.057Z"}
{"level":"info","message":"Processing tests in suite 0.0 in index_003.json","testCount":1,"timestamp":"2025-04-30T00:01:12.057Z"}
{"level":"info","message":"Completed extracting test results from index_003.json","testCount":1,"timestamp":"2025-04-30T00:01:12.058Z"}
{"level":"info","message":"Extracted 1 test results from index_003.json","timestamp":"2025-04-30T00:01:12.058Z"}
{"level":"info","message":"Processing report: /Users/pierrekhouzam/Desktop/magento-cypress-automation/cypress/reports/index_004.json","timestamp":"2025-04-30T00:01:12.059Z"}
{"level":"info","message":"Reading file: /Users/pierrekhouzam/Desktop/magento-cypress-automation/cypress/reports/index_004.json","timestamp":"2025-04-30T00:01:12.059Z"}
{"level":"info","message":"Attempting to parse JSON from index_004.json","timestamp":"2025-04-30T00:01:12.064Z"}
{"level":"info","message":"Extracting test results from index_004.json","timestamp":"2025-04-30T00:01:12.066Z"}
{"level":"info","message":"Processing results array in index_004.json","resultCount":1,"timestamp":"2025-04-30T00:01:12.067Z"}
{"level":"info","message":"No direct tests in result 0 in index_004.json","timestamp":"2025-04-30T00:01:12.067Z"}
{"level":"info","message":"Processing suites in result 0 in index_004.json","suiteCount":1,"timestamp":"2025-04-30T00:01:12.067Z"}
{"level":"info","message":"Processing tests in suite 0.0 in index_004.json","testCount":1,"timestamp":"2025-04-30T00:01:12.067Z"}
{"level":"info","message":"Completed extracting test results from index_004.json","testCount":1,"timestamp":"2025-04-30T00:01:12.068Z"}
{"level":"info","message":"Extracted 1 test results from index_004.json","timestamp":"2025-04-30T00:01:12.068Z"}
{"level":"info","message":"Processing report: /Users/pierrekhouzam/Desktop/magento-cypress-automation/cypress/reports/index_005.json","timestamp":"2025-04-30T00:01:12.068Z"}
{"level":"info","message":"Reading file: /Users/pierrekhouzam/Desktop/magento-cypress-automation/cypress/reports/index_005.json","timestamp":"2025-04-30T00:01:12.068Z"}
{"level":"info","message":"Attempting to parse JSON from index_005.json","timestamp":"2025-04-30T00:01:12.076Z"}
{"level":"info","message":"Extracting test results from index_005.json","timestamp":"2025-04-30T00:01:12.084Z"}
{"level":"info","message":"Processing results array in index_005.json","resultCount":4,"timestamp":"2025-04-30T00:01:12.085Z"}
{"level":"info","message":"No direct tests in result 0 in index_005.json","timestamp":"2025-04-30T00:01:12.085Z"}
{"level":"info","message":"Processing suites in result 0 in index_005.json","suiteCount":1,"timestamp":"2025-04-30T00:01:12.085Z"}
{"level":"info","message":"Processing tests in suite 0.0 in index_005.json","testCount":1,"timestamp":"2025-04-30T00:01:12.085Z"}
{"level":"info","message":"No direct tests in result 1 in index_005.json","timestamp":"2025-04-30T00:01:12.086Z"}
{"level":"info","message":"Processing suites in result 1 in index_005.json","suiteCount":1,"timestamp":"2025-04-30T00:01:12.086Z"}
{"level":"info","message":"Processing tests in suite 1.0 in index_005.json","testCount":1,"timestamp":"2025-04-30T00:01:12.086Z"}
{"level":"info","message":"No direct tests in result 2 in index_005.json","timestamp":"2025-04-30T00:01:12.087Z"}
{"level":"info","message":"Processing suites in result 2 in index_005.json","suiteCount":1,"timestamp":"2025-04-30T00:01:12.087Z"}
{"level":"info","message":"Processing tests in suite 2.0 in index_005.json","testCount":1,"timestamp":"2025-04-30T00:01:12.087Z"}
{"level":"info","message":"No direct tests in result 3 in index_005.json","timestamp":"2025-04-30T00:01:12.088Z"}
{"level":"info","message":"Processing suites in result 3 in index_005.json","suiteCount":1,"timestamp":"2025-04-30T00:01:12.088Z"}
{"level":"info","message":"Processing tests in suite 3.0 in index_005.json","testCount":1,"timestamp":"2025-04-30T00:01:12.088Z"}
{"level":"info","message":"Completed extracting test results from index_005.json","testCount":4,"timestamp":"2025-04-30T00:01:12.089Z"}
{"level":"info","message":"Extracted 4 test results from index_005.json","timestamp":"2025-04-30T00:01:12.089Z"}
{"level":"info","message":"Processing report: /Users/pierrekhouzam/Desktop/magento-cypress-automation/cypress/reports/index_006.json","timestamp":"2025-04-30T00:01:12.089Z"}
{"level":"info","message":"Reading file: /Users/pierrekhouzam/Desktop/magento-cypress-automation/cypress/reports/index_006.json","timestamp":"2025-04-30T00:01:12.089Z"}
{"level":"info","message":"Attempting to parse JSON from index_006.json","timestamp":"2025-04-30T00:01:12.097Z"}
{"level":"info","message":"Extracting test results from index_006.json","timestamp":"2025-04-30T00:01:12.105Z"}
{"level":"info","message":"Processing results array in index_006.json","resultCount":4,"timestamp":"2025-04-30T00:01:12.105Z"}
{"level":"info","message":"No direct tests in result 0 in index_006.json","timestamp":"2025-04-30T00:01:12.105Z"}
{"level":"info","message":"Processing suites in result 0 in index_006.json","suiteCount":1,"timestamp":"2025-04-30T00:01:12.106Z"}
{"level":"info","message":"Processing tests in suite 0.0 in index_006.json","testCount":1,"timestamp":"2025-04-30T00:01:12.106Z"}
{"level":"info","message":"No direct tests in result 1 in index_006.json","timestamp":"2025-04-30T00:01:12.107Z"}
{"level":"info","message":"Processing suites in result 1 in index_006.json","suiteCount":1,"timestamp":"2025-04-30T00:01:12.107Z"}
{"level":"info","message":"Processing tests in suite 1.0 in index_006.json","testCount":1,"timestamp":"2025-04-30T00:01:12.107Z"}
{"level":"info","message":"No direct tests in result 2 in index_006.json","timestamp":"2025-04-30T00:01:12.108Z"}
{"level":"info","message":"Processing suites in result 2 in index_006.json","suiteCount":1,"timestamp":"2025-04-30T00:01:12.108Z"}
{"level":"info","message":"Processing tests in suite 2.0 in index_006.json","testCount":1,"timestamp":"2025-04-30T00:01:12.109Z"}
{"level":"info","message":"No direct tests in result 3 in index_006.json","timestamp":"2025-04-30T00:01:12.110Z"}
{"level":"info","message":"Processing suites in result 3 in index_006.json","suiteCount":1,"timestamp":"2025-04-30T00:01:12.110Z"}
{"level":"info","message":"Processing tests in suite 3.0 in index_006.json","testCount":1,"timestamp":"2025-04-30T00:01:12.110Z"}
{"level":"info","message":"Completed extracting test results from index_006.json","testCount":4,"timestamp":"2025-04-30T00:01:12.112Z"}
{"level":"info","message":"Extracted 4 test results from index_006.json","timestamp":"2025-04-30T00:01:12.112Z"}
{"level":"info","message":"Processing report: /Users/pierrekhouzam/Desktop/magento-cypress-automation/cypress/reports/index_007.json","timestamp":"2025-04-30T00:01:12.112Z"}
{"level":"info","message":"Reading file: /Users/pierrekhouzam/Desktop/magento-cypress-automation/cypress/reports/index_007.json","timestamp":"2025-04-30T00:01:12.112Z"}
{"level":"info","message":"Attempting to parse JSON from index_007.json","timestamp":"2025-04-30T00:01:12.114Z"}
{"level":"info","message":"Extracting test results from index_007.json","timestamp":"2025-04-30T00:01:12.116Z"}
{"level":"info","message":"Processing results array in index_007.json","resultCount":1,"timestamp":"2025-04-30T00:01:12.116Z"}
{"level":"info","message":"No direct tests in result 0 in index_007.json","timestamp":"2025-04-30T00:01:12.117Z"}
{"level":"info","message":"Processing suites in result 0 in index_007.json","suiteCount":1,"timestamp":"2025-04-30T00:01:12.117Z"}
{"level":"info","message":"Processing tests in suite 0.0 in index_007.json","testCount":1,"timestamp":"2025-04-30T00:01:12.117Z"}
{"level":"info","message":"Completed extracting test results from index_007.json","testCount":1,"timestamp":"2025-04-30T00:01:12.118Z"}
{"level":"info","message":"Extracted 1 test results from index_007.json","timestamp":"2025-04-30T00:01:12.118Z"}
{"level":"info","message":"Processing report: /Users/pierrekhouzam/Desktop/magento-cypress-automation/cypress/reports/index_008.json","timestamp":"2025-04-30T00:01:12.118Z"}
{"level":"info","message":"Reading file: /Users/pierrekhouzam/Desktop/magento-cypress-automation/cypress/reports/index_008.json","timestamp":"2025-04-30T00:01:12.118Z"}
{"level":"info","message":"Attempting to parse JSON from index_008.json","timestamp":"2025-04-30T00:01:12.119Z"}
{"level":"info","message":"Extracting test results from index_008.json","timestamp":"2025-04-30T00:01:12.121Z"}
{"level":"info","message":"Processing results array in index_008.json","resultCount":1,"timestamp":"2025-04-30T00:01:12.121Z"}
{"level":"info","message":"No direct tests in result 0 in index_008.json","timestamp":"2025-04-30T00:01:12.122Z"}
{"level":"info","message":"Processing suites in result 0 in index_008.json","suiteCount":1,"timestamp":"2025-04-30T00:01:12.122Z"}
{"level":"info","message":"Processing tests in suite 0.0 in index_008.json","testCount":1,"timestamp":"2025-04-30T00:01:12.122Z"}
{"level":"info","message":"Completed extracting test results from index_008.json","testCount":1,"timestamp":"2025-04-30T00:01:12.123Z"}
{"level":"info","message":"Extracted 1 test results from index_008.json","timestamp":"2025-04-30T00:01:12.123Z"}
{"level":"info","message":"Processing report: /Users/pierrekhouzam/Desktop/magento-cypress-automation/cypress/reports/index_009.json","timestamp":"2025-04-30T00:01:12.123Z"}
{"level":"info","message":"Reading file: /Users/pierrekhouzam/Desktop/magento-cypress-automation/cypress/reports/index_009.json","timestamp":"2025-04-30T00:01:12.123Z"}
{"level":"info","message":"Attempting to parse JSON from index_009.json","timestamp":"2025-04-30T00:01:12.129Z"}
{"level":"info","message":"Extracting test results from index_009.json","timestamp":"2025-04-30T00:01:12.139Z"}
{"level":"info","message":"Processing results array in index_009.json","resultCount":4,"timestamp":"2025-04-30T00:01:12.139Z"}
{"level":"info","message":"No direct tests in result 0 in index_009.json","timestamp":"2025-04-30T00:01:12.139Z"}
{"level":"info","message":"Processing suites in result 0 in index_009.json","suiteCount":1,"timestamp":"2025-04-30T00:01:12.139Z"}
{"level":"info","message":"Processing tests in suite 0.0 in index_009.json","testCount":1,"timestamp":"2025-04-30T00:01:12.139Z"}
{"level":"info","message":"No direct tests in result 1 in index_009.json","timestamp":"2025-04-30T00:01:12.140Z"}
{"level":"info","message":"Processing suites in result 1 in index_009.json","suiteCount":1,"timestamp":"2025-04-30T00:01:12.140Z"}
{"level":"info","message":"Processing tests in suite 1.0 in index_009.json","testCount":1,"timestamp":"2025-04-30T00:01:12.140Z"}
{"level":"info","message":"No direct tests in result 2 in index_009.json","timestamp":"2025-04-30T00:01:12.141Z"}
{"level":"info","message":"Processing suites in result 2 in index_009.json","suiteCount":1,"timestamp":"2025-04-30T00:01:12.141Z"}
{"level":"info","message":"Processing tests in suite 2.0 in index_009.json","testCount":1,"timestamp":"2025-04-30T00:01:12.141Z"}
{"level":"info","message":"No direct tests in result 3 in index_009.json","timestamp":"2025-04-30T00:01:12.143Z"}
{"level":"info","message":"Processing suites in result 3 in index_009.json","suiteCount":1,"timestamp":"2025-04-30T00:01:12.143Z"}
{"level":"info","message":"Processing tests in suite 3.0 in index_009.json","testCount":1,"timestamp":"2025-04-30T00:01:12.143Z"}
{"level":"info","message":"Completed extracting test results from index_009.json","testCount":4,"timestamp":"2025-04-30T00:01:12.144Z"}
{"level":"info","message":"Extracted 4 test results from index_009.json","timestamp":"2025-04-30T00:01:12.144Z"}
{"level":"info","message":"Processing report: /Users/pierrekhouzam/Desktop/magento-cypress-automation/cypress/reports/index_010.json","timestamp":"2025-04-30T00:01:12.144Z"}
{"level":"info","message":"Reading file: /Users/pierrekhouzam/Desktop/magento-cypress-automation/cypress/reports/index_010.json","timestamp":"2025-04-30T00:01:12.144Z"}
{"level":"info","message":"Attempting to parse JSON from index_010.json","timestamp":"2025-04-30T00:01:12.151Z"}
{"level":"info","message":"Extracting test results from index_010.json","timestamp":"2025-04-30T00:01:12.158Z"}
{"level":"info","message":"Processing results array in index_010.json","resultCount":4,"timestamp":"2025-04-30T00:01:12.158Z"}
{"level":"info","message":"No direct tests in result 0 in index_010.json","timestamp":"2025-04-30T00:01:12.158Z"}
{"level":"info","message":"Processing suites in result 0 in index_010.json","suiteCount":1,"timestamp":"2025-04-30T00:01:12.158Z"}
{"level":"info","message":"Processing tests in suite 0.0 in index_010.json","testCount":1,"timestamp":"2025-04-30T00:01:12.158Z"}
{"level":"info","message":"No direct tests in result 1 in index_010.json","timestamp":"2025-04-30T00:01:12.160Z"}
{"level":"info","message":"Processing suites in result 1 in index_010.json","suiteCount":1,"timestamp":"2025-04-30T00:01:12.160Z"}
{"level":"info","message":"Processing tests in suite 1.0 in index_010.json","testCount":1,"timestamp":"2025-04-30T00:01:12.160Z"}
{"level":"info","message":"No direct tests in result 2 in index_010.json","timestamp":"2025-04-30T00:01:12.161Z"}
{"level":"info","message":"Processing suites in result 2 in index_010.json","suiteCount":1,"timestamp":"2025-04-30T00:01:12.161Z"}
{"level":"info","message":"Processing tests in suite 2.0 in index_010.json","testCount":1,"timestamp":"2025-04-30T00:01:12.161Z"}
{"level":"info","message":"No direct tests in result 3 in index_010.json","timestamp":"2025-04-30T00:01:12.162Z"}
{"level":"info","message":"Processing suites in result 3 in index_010.json","suiteCount":1,"timestamp":"2025-04-30T00:01:12.162Z"}
{"level":"info","message":"Processing tests in suite 3.0 in index_010.json","testCount":1,"timestamp":"2025-04-30T00:01:12.162Z"}
{"level":"info","message":"Completed extracting test results from index_010.json","testCount":4,"timestamp":"2025-04-30T00:01:12.164Z"}
{"level":"info","message":"Extracted 4 test results from index_010.json","timestamp":"2025-04-30T00:01:12.164Z"}
{"level":"info","message":"Processing report: /Users/pierrekhouzam/Desktop/magento-cypress-automation/cypress/reports/index_011.json","timestamp":"2025-04-30T00:01:12.164Z"}
{"level":"info","message":"Reading file: /Users/pierrekhouzam/Desktop/magento-cypress-automation/cypress/reports/index_011.json","timestamp":"2025-04-30T00:01:12.164Z"}
{"level":"info","message":"Attempting to parse JSON from index_011.json","timestamp":"2025-04-30T00:01:12.168Z"}
{"level":"info","message":"Extracting test results from index_011.json","timestamp":"2025-04-30T00:01:12.177Z"}
{"level":"info","message":"Processing results array in index_011.json","resultCount":4,"timestamp":"2025-04-30T00:01:12.177Z"}
{"level":"info","message":"No direct tests in result 0 in index_011.json","timestamp":"2025-04-30T00:01:12.177Z"}
{"level":"info","message":"Processing suites in result 0 in index_011.json","suiteCount":1,"timestamp":"2025-04-30T00:01:12.177Z"}
{"level":"info","message":"Processing tests in suite 0.0 in index_011.json","testCount":1,"timestamp":"2025-04-30T00:01:12.177Z"}
{"level":"info","message":"No direct tests in result 1 in index_011.json","timestamp":"2025-04-30T00:01:12.178Z"}
{"level":"info","message":"Processing suites in result 1 in index_011.json","suiteCount":1,"timestamp":"2025-04-30T00:01:12.178Z"}
{"level":"info","message":"Processing tests in suite 1.0 in index_011.json","testCount":1,"timestamp":"2025-04-30T00:01:12.178Z"}
{"level":"info","message":"No direct tests in result 2 in index_011.json","timestamp":"2025-04-30T00:01:12.179Z"}
{"level":"info","message":"Processing suites in result 2 in index_011.json","suiteCount":1,"timestamp":"2025-04-30T00:01:12.179Z"}
{"level":"info","message":"Processing tests in suite 2.0 in index_011.json","testCount":1,"timestamp":"2025-04-30T00:01:12.179Z"}
{"level":"info","message":"No direct tests in result 3 in index_011.json","timestamp":"2025-04-30T00:01:12.180Z"}
{"level":"info","message":"Processing suites in result 3 in index_011.json","suiteCount":1,"timestamp":"2025-04-30T00:01:12.180Z"}
{"level":"info","message":"Processing tests in suite 3.0 in index_011.json","testCount":1,"timestamp":"2025-04-30T00:01:12.180Z"}
{"level":"info","message":"Completed extracting test results from index_011.json","testCount":4,"timestamp":"2025-04-30T00:01:12.181Z"}
{"level":"info","message":"Extracted 4 test results from index_011.json","timestamp":"2025-04-30T00:01:12.181Z"}
{"level":"info","message":"Processing report: /Users/pierrekhouzam/Desktop/magento-cypress-automation/cypress/reports/index_012.json","timestamp":"2025-04-30T00:01:12.181Z"}
{"level":"info","message":"Reading file: /Users/pierrekhouzam/Desktop/magento-cypress-automation/cypress/reports/index_012.json","timestamp":"2025-04-30T00:01:12.181Z"}
{"level":"info","message":"Attempting to parse JSON from index_012.json","timestamp":"2025-04-30T00:01:12.185Z"}
{"level":"info","message":"Extracting test results from index_012.json","timestamp":"2025-04-30T00:01:12.193Z"}
{"level":"info","message":"Processing results array in index_012.json","resultCount":4,"timestamp":"2025-04-30T00:01:12.193Z"}
{"level":"info","message":"No direct tests in result 0 in index_012.json","timestamp":"2025-04-30T00:01:12.193Z"}
{"level":"info","message":"Processing suites in result 0 in index_012.json","suiteCount":1,"timestamp":"2025-04-30T00:01:12.193Z"}
{"level":"info","message":"Processing tests in suite 0.0 in index_012.json","testCount":1,"timestamp":"2025-04-30T00:01:12.193Z"}
{"level":"info","message":"No direct tests in result 1 in index_012.json","timestamp":"2025-04-30T00:01:12.194Z"}
{"level":"info","message":"Processing suites in result 1 in index_012.json","suiteCount":1,"timestamp":"2025-04-30T00:01:12.194Z"}
{"level":"info","message":"Processing tests in suite 1.0 in index_012.json","testCount":1,"timestamp":"2025-04-30T00:01:12.194Z"}
{"level":"info","message":"No direct tests in result 2 in index_012.json","timestamp":"2025-04-30T00:01:12.195Z"}
{"level":"info","message":"Processing suites in result 2 in index_012.json","suiteCount":1,"timestamp":"2025-04-30T00:01:12.195Z"}
{"level":"info","message":"Processing tests in suite 2.0 in index_012.json","testCount":1,"timestamp":"2025-04-30T00:01:12.195Z"}
{"level":"info","message":"No direct tests in result 3 in index_012.json","timestamp":"2025-04-30T00:01:12.196Z"}
{"level":"info","message":"Processing suites in result 3 in index_012.json","suiteCount":1,"timestamp":"2025-04-30T00:01:12.196Z"}
{"level":"info","message":"Processing tests in suite 3.0 in index_012.json","testCount":1,"timestamp":"2025-04-30T00:01:12.196Z"}
{"level":"info","message":"Completed extracting test results from index_012.json","testCount":4,"timestamp":"2025-04-30T00:01:12.197Z"}
{"level":"info","message":"Extracted 4 test results from index_012.json","timestamp":"2025-04-30T00:01:12.197Z"}
{"level":"info","message":"Processing report: /Users/pierrekhouzam/Desktop/magento-cypress-automation/cypress/reports/index_013.json","timestamp":"2025-04-30T00:01:12.197Z"}
{"level":"info","message":"Reading file: /Users/pierrekhouzam/Desktop/magento-cypress-automation/cypress/reports/index_013.json","timestamp":"2025-04-30T00:01:12.197Z"}
{"level":"info","message":"Attempting to parse JSON from index_013.json","timestamp":"2025-04-30T00:01:12.202Z"}
{"level":"info","message":"Extracting test results from index_013.json","timestamp":"2025-04-30T00:01:12.210Z"}
{"level":"info","message":"Processing results array in index_013.json","resultCount":4,"timestamp":"2025-04-30T00:01:12.210Z"}
{"level":"info","message":"No direct tests in result 0 in index_013.json","timestamp":"2025-04-30T00:01:12.210Z"}
{"level":"info","message":"Processing suites in result 0 in index_013.json","suiteCount":1,"timestamp":"2025-04-30T00:01:12.210Z"}
{"level":"info","message":"Processing tests in suite 0.0 in index_013.json","testCount":1,"timestamp":"2025-04-30T00:01:12.210Z"}
{"level":"info","message":"No direct tests in result 1 in index_013.json","timestamp":"2025-04-30T00:01:12.211Z"}
{"level":"info","message":"Processing suites in result 1 in index_013.json","suiteCount":1,"timestamp":"2025-04-30T00:01:12.211Z"}
{"level":"info","message":"Processing tests in suite 1.0 in index_013.json","testCount":1,"timestamp":"2025-04-30T00:01:12.211Z"}
{"level":"info","message":"No direct tests in result 2 in index_013.json","timestamp":"2025-04-30T00:01:12.212Z"}
{"level":"info","message":"Processing suites in result 2 in index_013.json","suiteCount":1,"timestamp":"2025-04-30T00:01:12.212Z"}
{"level":"info","message":"Processing tests in suite 2.0 in index_013.json","testCount":1,"timestamp":"2025-04-30T00:01:12.212Z"}
{"level":"info","message":"No direct tests in result 3 in index_013.json","timestamp":"2025-04-30T00:01:12.213Z"}
{"level":"info","message":"Processing suites in result 3 in index_013.json","suiteCount":1,"timestamp":"2025-04-30T00:01:12.213Z"}
{"level":"info","message":"Processing tests in suite 3.0 in index_013.json","testCount":1,"timestamp":"2025-04-30T00:01:12.213Z"}
{"level":"info","message":"Completed extracting test results from index_013.json","testCount":4,"timestamp":"2025-04-30T00:01:12.214Z"}
{"level":"info","message":"Extracted 4 test results from index_013.json","timestamp":"2025-04-30T00:01:12.214Z"}
{"level":"info","message":"Processing report: /Users/pierrekhouzam/Desktop/magento-cypress-automation/cypress/reports/index_014.json","timestamp":"2025-04-30T00:01:12.215Z"}
{"level":"info","message":"Reading file: /Users/pierrekhouzam/Desktop/magento-cypress-automation/cypress/reports/index_014.json","timestamp":"2025-04-30T00:01:12.215Z"}
{"level":"info","message":"Attempting to parse JSON from index_014.json","timestamp":"2025-04-30T00:01:12.219Z"}
{"level":"info","message":"Extracting test results from index_014.json","timestamp":"2025-04-30T00:01:12.226Z"}
{"level":"info","message":"Processing results array in index_014.json","resultCount":4,"timestamp":"2025-04-30T00:01:12.226Z"}
{"level":"info","message":"No direct tests in result 0 in index_014.json","timestamp":"2025-04-30T00:01:12.226Z"}
{"level":"info","message":"Processing suites in result 0 in index_014.json","suiteCount":1,"timestamp":"2025-04-30T00:01:12.226Z"}
{"level":"info","message":"Processing tests in suite 0.0 in index_014.json","testCount":1,"timestamp":"2025-04-30T00:01:12.226Z"}
{"level":"info","message":"No direct tests in result 1 in index_014.json","timestamp":"2025-04-30T00:01:12.227Z"}
{"level":"info","message":"Processing suites in result 1 in index_014.json","suiteCount":1,"timestamp":"2025-04-30T00:01:12.227Z"}
{"level":"info","message":"Processing tests in suite 1.0 in index_014.json","testCount":1,"timestamp":"2025-04-30T00:01:12.227Z"}
{"level":"info","message":"No direct tests in result 2 in index_014.json","timestamp":"2025-04-30T00:01:12.228Z"}
{"level":"info","message":"Processing suites in result 2 in index_014.json","suiteCount":1,"timestamp":"2025-04-30T00:01:12.228Z"}
{"level":"info","message":"Processing tests in suite 2.0 in index_014.json","testCount":1,"timestamp":"2025-04-30T00:01:12.228Z"}
{"level":"info","message":"No direct tests in result 3 in index_014.json","timestamp":"2025-04-30T00:01:12.230Z"}
{"level":"info","message":"Processing suites in result 3 in index_014.json","suiteCount":1,"timestamp":"2025-04-30T00:01:12.230Z"}
{"level":"info","message":"Processing tests in suite 3.0 in index_014.json","testCount":1,"timestamp":"2025-04-30T00:01:12.230Z"}
{"level":"info","message":"Completed extracting test results from index_014.json","testCount":4,"timestamp":"2025-04-30T00:01:12.231Z"}
{"level":"info","message":"Extracted 4 test results from index_014.json","timestamp":"2025-04-30T00:01:12.231Z"}
{"level":"info","message":"Processing report: /Users/pierrekhouzam/Desktop/magento-cypress-automation/cypress/reports/index_015.json","timestamp":"2025-04-30T00:01:12.231Z"}
{"level":"info","message":"Reading file: /Users/pierrekhouzam/Desktop/magento-cypress-automation/cypress/reports/index_015.json","timestamp":"2025-04-30T00:01:12.231Z"}
{"level":"info","message":"Attempting to parse JSON from index_015.json","timestamp":"2025-04-30T00:01:12.235Z"}
{"level":"info","message":"Extracting test results from index_015.json","timestamp":"2025-04-30T00:01:12.243Z"}
{"level":"info","message":"Processing results array in index_015.json","resultCount":4,"timestamp":"2025-04-30T00:01:12.243Z"}
{"level":"info","message":"No direct tests in result 0 in index_015.json","timestamp":"2025-04-30T00:01:12.243Z"}
{"level":"info","message":"Processing suites in result 0 in index_015.json","suiteCount":1,"timestamp":"2025-04-30T00:01:12.243Z"}
{"level":"info","message":"Processing tests in suite 0.0 in index_015.json","testCount":1,"timestamp":"2025-04-30T00:01:12.243Z"}
{"level":"info","message":"No direct tests in result 1 in index_015.json","timestamp":"2025-04-30T00:01:12.244Z"}
{"level":"info","message":"Processing suites in result 1 in index_015.json","suiteCount":1,"timestamp":"2025-04-30T00:01:12.244Z"}
{"level":"info","message":"Processing tests in suite 1.0 in index_015.json","testCount":1,"timestamp":"2025-04-30T00:01:12.244Z"}
{"level":"info","message":"No direct tests in result 2 in index_015.json","timestamp":"2025-04-30T00:01:12.245Z"}
{"level":"info","message":"Processing suites in result 2 in index_015.json","suiteCount":1,"timestamp":"2025-04-30T00:01:12.245Z"}
{"level":"info","message":"Processing tests in suite 2.0 in index_015.json","testCount":1,"timestamp":"2025-04-30T00:01:12.245Z"}
{"level":"info","message":"No direct tests in result 3 in index_015.json","timestamp":"2025-04-30T00:01:12.246Z"}
{"level":"info","message":"Processing suites in result 3 in index_015.json","suiteCount":1,"timestamp":"2025-04-30T00:01:12.246Z"}
{"level":"info","message":"Processing tests in suite 3.0 in index_015.json","testCount":1,"timestamp":"2025-04-30T00:01:12.246Z"}
{"level":"info","message":"Completed extracting test results from index_015.json","testCount":4,"timestamp":"2025-04-30T00:01:12.247Z"}
{"level":"info","message":"Extracted 4 test results from index_015.json","timestamp":"2025-04-30T00:01:12.247Z"}
{"level":"info","message":"Test title \"Test Case A: Registration flow with login validation Should register a new user and validate login\" appears 16 times across JSON files","timestamp":"2025-04-30T00:01:12.247Z"}
{"level":"info","message":"Test title \"Test Case A: Registration flow with login validation Should allow user to log in with registered credentials\" appears 3 times across JSON files","timestamp":"2025-04-30T00:01:12.247Z"}
{"level":"info","message":"Test title \"Test Case B: Place order with multiple products and validate price Should register and add multiple products to cart then verify total price\" appears 9 times across JSON files","timestamp":"2025-04-30T00:01:12.247Z"}
{"level":"info","message":"Test title \"Test Case C: Wishlist and Checkout Should add products to wishlist and checkout from wishlist\" appears 9 times across JSON files","timestamp":"2025-04-30T00:01:12.247Z"}
{"level":"info","message":"Test title \"Test Case D: Search and Validate Results Should search for a valid product and validate results, then search invalid and validate empty results\" appears 9 times across JSON files","timestamp":"2025-04-30T00:01:12.247Z"}
{"level":"info","message":"Ensured DB directory exists: /Users/pierrekhouzam/Desktop/magento-cypress-automation/cypress/db","timestamp":"2025-04-30T00:01:12.248Z"}
{"level":"info","message":"Test history saved to /Users/pierrekhouzam/Desktop/magento-cypress-automation/cypress/db/test-history.json","testCount":5,"timestamp":"2025-04-30T00:01:12.250Z"}
{"level":"info","message":"Flaky test detection completed.","testsProcessed":46,"timestamp":"2025-04-30T00:01:12.251Z","uniqueTests":5}
{"level":"info","message":"Starting AI-powered flakiness analysis...","timestamp":"2025-04-30T00:01:12.251Z"}
{"level":"info","message":"Ensured DB directory exists: /Users/pierrekhouzam/Desktop/magento-cypress-automation/cypress/db","timestamp":"2025-04-30T00:01:12.251Z"}
{"level":"info","message":"Test history loaded from /Users/pierrekhouzam/Desktop/magento-cypress-automation/cypress/db/test-history.json","testCount":5,"timestamp":"2025-04-30T00:01:12.251Z"}
{"level":"info","message":"Training AI model with historical test data...","timestamp":"2025-04-30T00:01:12.252Z"}
{"file":"cypress/db/flaky-model.json","level":"info","message":"ML model loaded from","timestamp":"2025-04-30T00:01:12.252Z"}
{"level":"info","message":"Using cached ML model","timestamp":"2025-04-30T00:01:12.253Z"}
{"importance":[{"feature":"passRate","score":"0.00%"},{"feature":"avgDuration","score":"0.00%"},{"feature":"transitionRate","score":"0.00%"},{"feature":"timingIssues","score":"0.00%"},{"feature":"selectorIssues","score":"0.00%"},{"feature":"networkIssues","score":"0.00%"},{"feature":"dataIssues","score":"0.00%"},{"feature":"durationVariability","score":"0.00%"},{"feature":"recentFailRate","score":"0.00%"}],"level":"info","message":"Feature importance calculated","timestamp":"2025-04-30T00:01:12.253Z"}
{"0":{"feature":"0","score":"NaN%"},"1":{"feature":"1","score":"NaN%"},"2":{"feature":"2","score":"NaN%"},"3":{"feature":"3","score":"NaN%"},"4":{"feature":"4","score":"NaN%"},"5":{"feature":"5","score":"NaN%"},"6":{"feature":"6","score":"NaN%"},"7":{"feature":"7","score":"NaN%"},"8":{"feature":"8","score":"NaN%"},"level":"info","message":"Feature Importance:","timestamp":"2025-04-30T00:01:12.253Z"}
{"level":"info","message":"Analyzing tests for flakiness","testCount":5,"timestamp":"2025-04-30T00:01:12.253Z"}
{"filePath":"cypress/reports/predictions/predictions-2025-04-30T00-01-12-254Z.json","level":"info","message":"Predictions saved","timestamp":"2025-04-30T00:01:12.255Z"}
{"level":"info","message":"Ensured DB directory exists: /Users/pierrekhouzam/Desktop/magento-cypress-automation/cypress/db","timestamp":"2025-04-30T00:01:12.255Z"}
{"level":"info","message":"Test history loaded from /Users/pierrekhouzam/Desktop/magento-cypress-automation/cypress/db/test-history.json","testCount":5,"timestamp":"2025-04-30T00:01:12.256Z"}
{"level":"info","message":"Starting AI-powered flakiness analysis...","timestamp":"2025-04-30T00:01:12.256Z"}
{"level":"info","message":"Ensured DB directory exists: /Users/pierrekhouzam/Desktop/magento-cypress-automation/cypress/db","timestamp":"2025-04-30T00:01:12.256Z"}
{"level":"info","message":"Test history loaded from /Users/pierrekhouzam/Desktop/magento-cypress-automation/cypress/db/test-history.json","testCount":5,"timestamp":"2025-04-30T00:01:12.257Z"}
{"level":"info","message":"Training AI model with historical test data...","timestamp":"2025-04-30T00:01:12.257Z"}
{"file":"cypress/db/flaky-model.json","level":"info","message":"ML model loaded from","timestamp":"2025-04-30T00:01:12.259Z"}
{"level":"info","message":"Using cached ML model","timestamp":"2025-04-30T00:01:12.259Z"}
{"importance":[{"feature":"passRate","score":"0.00%"},{"feature":"avgDuration","score":"0.00%"},{"feature":"transitionRate","score":"0.00%"},{"feature":"timingIssues","score":"0.00%"},{"feature":"selectorIssues","score":"0.00%"},{"feature":"networkIssues","score":"0.00%"},{"feature":"dataIssues","score":"0.00%"},{"feature":"durationVariability","score":"0.00%"},{"feature":"recentFailRate","score":"0.00%"}],"level":"info","message":"Feature importance calculated","timestamp":"2025-04-30T00:01:12.259Z"}
{"0":{"feature":"0","score":"NaN%"},"1":{"feature":"1","score":"NaN%"},"2":{"feature":"2","score":"NaN%"},"3":{"feature":"3","score":"NaN%"},"4":{"feature":"4","score":"NaN%"},"5":{"feature":"5","score":"NaN%"},"6":{"feature":"6","score":"NaN%"},"7":{"feature":"7","score":"NaN%"},"8":{"feature":"8","score":"NaN%"},"level":"info","message":"Feature Importance:","timestamp":"2025-04-30T00:01:12.259Z"}
{"level":"info","message":"Analyzing tests for flakiness","testCount":5,"timestamp":"2025-04-30T00:01:12.259Z"}
{"filePath":"cypress/reports/predictions/predictions-2025-04-30T00-01-12-261Z.json","level":"info","message":"Predictions saved","timestamp":"2025-04-30T00:01:12.261Z"}
{"hasIssues":true,"issueType":"timing","level":"info","message":"Generated recommendations for test","prediction":"Flaky","recommendationCount":4,"testName":"Test Case B: Place order with multiple products and validate price Should register and add multiple products to cart then verify total price","timestamp":"2025-04-30T00:01:12.262Z"}
{"hasIssues":false,"issueType":"unknown","level":"info","message":"Generated recommendations for test","prediction":"Flaky","recommendationCount":1,"testName":"Test Case C: Wishlist and Checkout Should add products to wishlist and checkout from wishlist","timestamp":"2025-04-30T00:01:12.262Z"}
{"hasIssues":true,"issueType":"timing","level":"info","message":"Generated recommendations for test","prediction":"Flaky","recommendationCount":7,"testName":"Test Case D: Search and Validate Results Should search for a valid product and validate results, then search invalid and validate empty results","timestamp":"2025-04-30T00:01:12.262Z"}
{"level":"info","message":"Ensured DB directory exists: /Users/pierrekhouzam/Desktop/magento-cypress-automation/cypress/db","timestamp":"2025-04-30T00:01:12.263Z"}
{"level":"info","message":"Test history saved to /Users/pierrekhouzam/Desktop/magento-cypress-automation/cypress/db/test-history.json","testCount":5,"timestamp":"2025-04-30T00:01:12.264Z"}
{"level":"info","message":"Updated test history with AI recommendations","timestamp":"2025-04-30T00:01:12.264Z"}
{"level":"info","message":"Ensured DB directory exists: /Users/pierrekhouzam/Desktop/magento-cypress-automation/cypress/db","timestamp":"2025-04-30T00:01:15.026Z"}
{"level":"info","message":"Test history loaded from /Users/pierrekhouzam/Desktop/magento-cypress-automation/cypress/db/test-history.json","testCount":5,"timestamp":"2025-04-30T00:01:15.026Z"}
